-- MySQL dump 10.13  Distrib 8.0.36, for Win64 (x86_64)
--
-- Host: 127.0.0.1    Database: dw_adoption
-- ------------------------------------------------------
-- Server version	8.0.37

/*!40101 SET @OLD_CHARACTER_SET_CLIENT=@@CHARACTER_SET_CLIENT */;
/*!40101 SET @OLD_CHARACTER_SET_RESULTS=@@CHARACTER_SET_RESULTS */;
/*!40101 SET @OLD_COLLATION_CONNECTION=@@COLLATION_CONNECTION */;
/*!50503 SET NAMES utf8 */;
/*!40103 SET @OLD_TIME_ZONE=@@TIME_ZONE */;
/*!40103 SET TIME_ZONE='+00:00' */;
/*!40014 SET @OLD_UNIQUE_CHECKS=@@UNIQUE_CHECKS, UNIQUE_CHECKS=0 */;
/*!40014 SET @OLD_FOREIGN_KEY_CHECKS=@@FOREIGN_KEY_CHECKS, FOREIGN_KEY_CHECKS=0 */;
/*!40101 SET @OLD_SQL_MODE=@@SQL_MODE, SQL_MODE='NO_AUTO_VALUE_ON_ZERO' */;
/*!40111 SET @OLD_SQL_NOTES=@@SQL_NOTES, SQL_NOTES=0 */;

--
-- Table structure for table `dim_eligibility`
--

DROP TABLE IF EXISTS `dim_eligibility`;
/*!40101 SET @saved_cs_client     = @@character_set_client */;
/*!50503 SET character_set_client = utf8mb4 */;
CREATE TABLE `dim_eligibility` (
  `cafv_id` int NOT NULL AUTO_INCREMENT,
  `cafv_eligibility` varchar(100) DEFAULT NULL,
  PRIMARY KEY (`cafv_id`)
) ENGINE=InnoDB AUTO_INCREMENT=4 DEFAULT CHARSET=utf8mb3;
/*!40101 SET character_set_client = @saved_cs_client */;

--
-- Dumping data for table `dim_eligibility`
--

LOCK TABLES `dim_eligibility` WRITE;
/*!40000 ALTER TABLE `dim_eligibility` DISABLE KEYS */;
INSERT INTO `dim_eligibility` VALUES (1,'Clean Alternative Fuel Vehicle Eligible'),(2,'Eligibility unknown as battery range has not been researched'),(3,'Not eligible due to low battery range');
/*!40000 ALTER TABLE `dim_eligibility` ENABLE KEYS */;
UNLOCK TABLES;

--
-- Table structure for table `dim_location`
--

DROP TABLE IF EXISTS `dim_location`;
/*!40101 SET @saved_cs_client     = @@character_set_client */;
/*!50503 SET character_set_client = utf8mb4 */;
CREATE TABLE `dim_location` (
  `location_id` int NOT NULL AUTO_INCREMENT,
  `city` varchar(45) DEFAULT NULL,
  `county` varchar(45) DEFAULT NULL,
  `state` varchar(45) DEFAULT NULL,
  `postal_code` varchar(45) DEFAULT NULL,
  PRIMARY KEY (`location_id`)
) ENGINE=InnoDB AUTO_INCREMENT=1204 DEFAULT CHARSET=utf8mb3;
/*!40101 SET character_set_client = @saved_cs_client */;

--
-- Dumping data for table `dim_location`
--

LOCK TABLES `dim_location` WRITE;
/*!40000 ALTER TABLE `dim_location` DISABLE KEYS */;
INSERT INTO `dim_location` VALUES (1,'Seabeck','Kitsap','WA','98380'),(2,'Bremerton','Kitsap','WA','98312'),(3,'Seattle','King','WA','98101'),(4,'Seattle','King','WA','98125'),(5,'Yelm','Thurston','WA','98597'),(6,'Lynnwood','Snohomish','WA','98036'),(7,'Poulsbo','Kitsap','WA','98370'),(8,'Arlington','Snohomish','WA','98223'),(9,'Kent','King','WA','98031'),(10,'Kirkland','King','WA','98034'),(11,'Bremerton','Kitsap','WA','98337'),(12,'Tumwater','Thurston','WA','98501'),(13,'Yakima','Yakima','WA','98908'),(14,'Centralia','Thurston','WA','98531'),(15,'Seattle','King','WA','98117'),(16,'Lynnwood','Snohomish','WA','98087'),(17,'Olympia','Thurston','WA','98512'),(18,'Issaquah','King','WA','98027'),(19,'Duvall','King','WA','98019'),(20,'Olympia','Thurston','WA','98506'),(21,'Seattle','King','WA','98102'),(22,'Lake Stevens','Snohomish','WA','98258'),(23,'Yakima','Yakima','WA','98902'),(24,'Olympia','Thurston','WA','98501'),(25,'Selah','Yakima','WA','98942'),(26,'Zillah','Yakima','WA','98953'),(27,'Bothell','Snohomish','WA','98012'),(28,'Bothell','Snohomish','WA','98021'),(29,'Kingston','Kitsap','WA','98346'),(30,'Olympia','Thurston','WA','98502'),(31,'Bremerton','Kitsap','WA','98311'),(32,'Seattle','King','WA','98122'),(33,'Seattle','King','WA','98103'),(34,'Port Orchard','Kitsap','WA','98367'),(35,'Seattle','King','WA','98199'),(36,'Tumwater','Thurston','WA','98512'),(37,'Port Orchard','Kitsap','WA','98366'),(38,'Lacey','Thurston','WA','98503'),(39,'Seattle','King','WA','98144'),(40,'Hansville','Kitsap','WA','98340'),(41,'Redmond','King','WA','98052'),(42,'Bellevue','King','WA','98008'),(43,'Seattle','King','WA','98133'),(44,'Seattle','King','WA','98119'),(45,'Bremerton','Kitsap','WA','98310'),(46,'Seattle','King','WA','98115'),(47,'Everett','Snohomish','WA','98208'),(48,'Oak Harbor','Island','WA','98277'),(49,'Bainbridge Island','Kitsap','WA','98110'),(50,'Seattle','King','WA','98136'),(51,'Seattle','King','WA','98112'),(52,'Mountlake Terrace','Snohomish','WA','98043'),(53,'Mukilteo','Snohomish','WA','98275'),(54,'Seattle','King','WA','98107'),(55,'Lacey','Thurston','WA','98516'),(56,'Anacortes','Skagit','WA','98221'),(57,'Spokane','Spokane','WA','99201'),(58,'Seattle','King','WA','98108'),(59,'Snohomish','Snohomish','WA','98290'),(60,'Moxee','Yakima','WA','98936'),(61,'Seattle','King','WA','98105'),(62,'Everett','Snohomish','WA','98204'),(63,'Edmonds','Snohomish','WA','98020'),(64,'Snohomish','Snohomish','WA','98296'),(65,'Sequim','Clallam','WA','98382'),(66,'Wapato','Yakima','WA','98951'),(67,'Yakima','Yakima','WA','98903'),(68,'Manson','Chelan','WA','98831'),(69,'Mount Vernon','Skagit','WA','98273'),(70,'College Place','Walla Walla','WA','99324'),(71,'Leavenworth','Chelan','WA','98826'),(72,'Ellensburg','Kittitas','WA','98926'),(73,'Brier','Snohomish','WA','98036'),(74,'Lynnwood','Snohomish','WA','98037'),(75,'Pullman','Whitman','WA','99163'),(76,'La Conner','Skagit','WA','98257'),(77,'Edmonds','Snohomish','WA','98026'),(78,'Kettle Falls','Stevens','WA','99141'),(79,'Everett','Snohomish','WA','98201'),(80,'Yakima','Yakima','WA','98901'),(81,'Langley','Island','WA','98260'),(82,'Silverdale','Kitsap','WA','98383'),(83,'Renton','King','WA','98055'),(84,'Olympia','Thurston','WA','98516'),(85,'Everett','Snohomish','WA','98203'),(86,'Spokane','Spokane','WA','99203'),(87,'Spokane','Spokane','WA','99202'),(88,'Keyport','Kitsap','WA','98345'),(89,'Wenatchee','Chelan','WA','98801'),(90,'Silverdale','Kitsap','WA','98315'),(91,'Ephrata','Grant','WA','98823'),(92,'Monroe','Snohomish','WA','98272'),(93,'Mount Vernon','Skagit','WA','98274'),(94,'Bothell','Snohomish','WA','98072'),(95,'Orondo','Douglas','WA','98843'),(96,'Kirkland','King','WA','98033'),(97,'Sammamish','King','WA','98075'),(98,'Sammamish','King','WA','98074'),(99,'Pacific','King','WA','98047'),(100,'Seatac','King','WA','98188'),(101,'Bellevue','King','WA','98007'),(102,'Newcastle','King','WA','98059'),(103,'La Center','Clark','WA','98629'),(104,'Seattle','King','WA','98177'),(105,'Bellevue','King','WA','98005'),(106,'Tukwila','King','WA','98188'),(107,'Seattle','King','WA','98146'),(108,'Bothell','King','WA','98011'),(109,'Auburn','King','WA','98002'),(110,'Renton','King','WA','98058'),(111,'Vancouver','Clark','WA','98682'),(112,'Vancouver','Clark','WA','98664'),(113,'Bellevue','King','WA','98006'),(114,'Lake Forest Park','King','WA','98155'),(115,'Des Moines','King','WA','98198'),(116,'Longview','Cowlitz','WA','98632'),(117,'Federal Way','King','WA','98023'),(118,'Vancouver','Clark','WA','98685'),(119,'Vancouver','Clark','WA','98684'),(120,'Vancouver','Clark','WA','98686'),(121,'Kent','King','WA','98042'),(122,'Normandy Park','King','WA','98166'),(123,'Seatac','King','WA','98148'),(124,'Kent','King','WA','98030'),(125,'Bellevue','King','WA','98004'),(126,'Issaquah','King','WA','98029'),(127,'Kenmore','King','WA','98028'),(128,'Olalla','Kitsap','WA','98359'),(129,'Burien','King','WA','98166'),(130,'Mercer Island','King','WA','98040'),(131,'Auburn','King','WA','98092'),(132,'Shoreline','King','WA','98177'),(133,'Camas','Clark','WA','98607'),(134,'Ridgefield','Clark','WA','98642'),(135,'Port Townsend','Jefferson','WA','98368'),(136,'Seattle','King','WA','98106'),(137,'Seattle','King','WA','98134'),(138,'Seattle','King','WA','98104'),(139,'Renton','King','WA','98057'),(140,'Woodinville','King','WA','98072'),(141,'Nine Mile Falls','Stevens','WA','99026'),(142,'Port Hadlock','Jefferson','WA','98339'),(143,'Vancouver','Clark','WA','98662'),(144,'Seattle','King','WA','98178'),(145,'Burien','King','WA','98168'),(146,'Seattle','King','WA','98109'),(147,'Vancouver','Clark','WA','98683'),(148,'Tukwila','King','WA','98178'),(149,'North Bend','King','WA','98045'),(150,'Renton','King','WA','98056'),(151,'Seattle','King','WA','98121'),(152,'Kelso','Cowlitz','WA','98626'),(153,'Des Moines','King','WA','98148'),(154,'Battle Ground','Clark','WA','98604'),(155,'Federal Way','King','WA','98003'),(156,'Olympia','Thurston','WA','98513'),(157,'Vancouver','Clark','WA','98661'),(158,'Black Diamond','King','WA','98010'),(159,'Covington','King','WA','98042'),(160,'Castle Rock','Cowlitz','WA','98611'),(161,'Port Ludlow','Jefferson','WA','98365'),(162,'Brush Prairie','Clark','WA','98606'),(163,'Newcastle','King','WA','98056'),(164,'Renton','King','WA','98059'),(165,'Medina','King','WA','98039'),(166,'Seattle','King','WA','98116'),(167,'Sammamish','King','WA','98029'),(168,'Vancouver','Clark','WA','98665'),(169,'Vancouver','Clark','WA','98660'),(170,'Shoreline','King','WA','98155'),(171,'Ariel','Cowlitz','WA','98603'),(172,'Sunnyside','Yakima','WA','98944'),(173,'Shoreline','King','WA','98133'),(174,'Burien','King','WA','98146'),(175,'Maple Valley','King','WA','98038'),(176,'Auburn','King','WA','98001'),(177,'Coupeville','Island','WA','98239'),(178,'Tenino','Thurston','WA','98589'),(179,'Tulalip','Snohomish','WA','98271'),(180,'Mabton','Yakima','WA','98935'),(181,'Marysville','Snohomish','WA','98271'),(182,'Tukwila','King','WA','98168'),(183,'Kalama','Cowlitz','WA','98625'),(184,'Camano Island','Island','WA','98282'),(185,'Amboy','Clark','WA','98601'),(186,'Port Angeles','Clallam','WA','98362'),(187,'Quilcene','Jefferson','WA','98376'),(188,'Enumclaw','King','WA','98022'),(189,'Beaux Arts','King','WA','98004'),(190,'Kent','King','WA','98032'),(191,'Washougal','Clark','WA','98671'),(192,'Woodland','Clark','WA','98674'),(193,'Rochester','Thurston','WA','98579'),(194,'Woodland','Cowlitz','WA','98674'),(195,'Vancouver','Clark','WA','98663'),(196,'Grandview','Yakima','WA','98930'),(197,'Mill Creek','Snohomish','WA','98012'),(198,'Bingen','Klickitat','WA','98605'),(199,'Rainier','Thurston','WA','98576'),(200,'Toppenish','Yakima','WA','98948'),(201,'Clyde Hill','King','WA','98004'),(202,'Seattle','King','WA','98126'),(203,'Algona','King','WA','98001'),(204,'Silverlake','Cowlitz','WA','98645'),(205,'Brinnon','Jefferson','WA','98320'),(206,'Suquamish','Kitsap','WA','98392'),(207,'Colville','Stevens','WA','99114'),(208,'Carnation','King','WA','98014'),(209,'Seatac','King','WA','98198'),(210,'Seatac','King','WA','98168'),(211,'Chimacum','Jefferson','WA','98325'),(212,'Granite Falls','Snohomish','WA','98252'),(213,'Woodway','Snohomish','WA','98020'),(214,'Yacolt','Clark','WA','98675'),(215,'Nordland','Jefferson','WA','98358'),(216,'Forks','Clallam','WA','98331'),(217,'Sequim','Jefferson','WA','98382'),(218,'Indianola','Kitsap','WA','98342'),(219,'Port Angeles','Clallam','WA','98363'),(220,'Stanwood','Snohomish','WA','98292'),(221,'Burien','King','WA','98148'),(222,'Freeland','Island','WA','98249'),(223,'Naches','Yakima','WA','98937'),(224,'Skykomish','King','WA','98288'),(225,'Bucoda','Thurston','WA','98530'),(226,'Granger','Yakima','WA','98932'),(227,'Marysville','Snohomish','WA','98270'),(228,'Seattle','King','WA','98118'),(229,'Normandy Park','King','WA','98148'),(230,'Tieton','Yakima','WA','98947'),(231,'Gold Bar','Snohomish','WA','98251'),(232,'Goldendale','Klickitat','WA','98620'),(233,'Fircrest','Pierce','WA','98466'),(234,'Pasco','Franklin','WA','99301'),(235,'Gig Harbor','Pierce','WA','98332'),(236,'Spokane Valley','Spokane','WA','99206'),(237,'Everson','Whatcom','WA','98247'),(238,'Bellingham','Whatcom','WA','98225'),(239,'Friday Harbor','San Juan','WA','98250'),(240,'Snoqualmie','King','WA','98065'),(241,'Tacoma','Pierce','WA','98445'),(242,'White Salmon','Klickitat','WA','98672'),(243,'Tacoma','Pierce','WA','98444'),(244,'Spokane','Spokane','WA','99208'),(245,'Dayton','Columbia','WA','99328'),(246,'Woodinville','King','WA','98077'),(247,'Lynden','Whatcom','WA','98264'),(248,'Ocean Shores','Grays Harbor','WA','98569'),(249,'Tacoma','Pierce','WA','98408'),(250,'Chewelah','Stevens','WA','99109'),(251,'Chehalis','Lewis','WA','98532'),(252,'Lacey','Thurston','WA','98513'),(253,'Spokane','Spokane','WA','99206'),(254,'Chelan','Chelan','WA','98816'),(255,'Bellingham','Whatcom','WA','98229'),(256,'Burlington','Skagit','WA','98233'),(257,'Richland','Benton','WA','99354'),(258,'Tacoma','Pierce','WA','98404'),(259,'South Hill','Pierce','WA','98373'),(260,'Eatonville','Pierce','WA','98328'),(261,'Bonney Lake','Pierce','WA','98391'),(262,'Milton','King','WA','98354'),(263,'Puyallup','Pierce','WA','98371'),(264,'Kennewick','Benton','WA','99338'),(265,'Vashon','King','WA','98070'),(266,'Tacoma','Pierce','WA','98422'),(267,'Tacoma','Pierce','WA','98418'),(268,'Lakebay','Pierce','WA','98349'),(269,'Lake Tapps','Pierce','WA','98391'),(270,'Toledo','Lewis','WA','98591'),(271,'Hunts Point','King','WA','98004'),(272,'Winlock','Lewis','WA','98596'),(273,'Bellingham','Whatcom','WA','98226'),(274,'Lopez Island','San Juan','WA','98261'),(275,'Redmond','King','WA','98072'),(276,'Sultan','Snohomish','WA','98294'),(277,'Walla Walla','Walla Walla','WA','99362'),(278,'Gig Harbor','Pierce','WA','98335'),(279,'Redmond','King','WA','98053'),(280,'Colbert','Spokane','WA','99005'),(281,'Long Beach','Pacific','WA','98631'),(282,'Puyallup','Pierce','WA','98372'),(283,'Oakesdale','Whitman','WA','99158'),(284,'Gig Harbor','Pierce','WA','98329'),(285,'Airway Heights','Spokane','WA','99001'),(286,'Clinton','Island','WA','98236'),(287,'Spokane','Spokane','WA','99224'),(288,'Graham','Pierce','WA','98338'),(289,'East Wenatchee','Douglas','WA','98802'),(290,'Tacoma','Pierce','WA','98406'),(291,'Richland','Benton','WA','99352'),(292,'Spokane Valley','Spokane','WA','99016'),(293,'Moses Lake','Grant','WA','98837'),(294,'Puyallup','Pierce','WA','98374'),(295,'Outlook','Yakima','WA','98938'),(296,'Greenbank','Island','WA','98253'),(297,'Lakewood','Pierce','WA','98499'),(298,'South Hill','Pierce','WA','98375'),(299,'Tacoma','Pierce','WA','98405'),(300,'Tacoma','Pierce','WA','98465'),(301,'Tacoma','Pierce','WA','98403'),(302,'South Hill','Pierce','WA','98374'),(303,'Montesano','Grays Harbor','WA','98563'),(304,'Grapeview','Mason','WA','98546'),(305,'Spanaway','Pierce','WA','98387'),(306,'Greenacres','Spokane','WA','99016'),(307,'Spokane','Spokane','WA','99204'),(308,'Nine Mile Falls','Spokane','WA','99026'),(309,'Edgewood','Pierce','WA','98372'),(310,'Dupont','Pierce','WA','98327'),(311,'Lakewood','Pierce','WA','98498'),(312,'Seattle','King','WA','98168'),(313,'Cheney','Spokane','WA','99004'),(314,'Spokane','Spokane','WA','99223'),(315,'Medical Lake','Spokane','WA','99022'),(316,'Bothell','Snohomish','WA','98011'),(317,'Blaine','Whatcom','WA','98230'),(318,'Platte City','Platte','MO','64079'),(319,'Point Roberts','Whatcom','WA','98281'),(320,'Enumclaw','Pierce','WA','98022'),(321,'Bow','Skagit','WA','98232'),(322,'Prosser','Benton','WA','99350'),(323,'Woodinville','Snohomish','WA','98072'),(324,'Centralia','Lewis','WA','98531'),(325,'Liberty Lake','Spokane','WA','99019'),(326,'Belfair','Mason','WA','98528'),(327,'Snoqualmie Pass','Kittitas','WA','98068'),(328,'Ashford','Lewis','WA','98304'),(329,'Puyallup','Pierce','WA','98373'),(330,'Steilacoom','Pierce','WA','98388'),(331,'Spokane Valley','Spokane','WA','99216'),(332,'Sedro Woolley','Skagit','WA','98284'),(333,'Spokane','Spokane','WA','99218'),(334,'Ocean Park','Pacific','WA','98640'),(335,'Spokane','Spokane','WA','99036'),(336,'Gig Harbor','Kitsap','WA','98329'),(337,'Toutle','Cowlitz','WA','98649'),(338,'Auburn','Pierce','WA','98092'),(339,'Bothell','Snohomish','WA','98036'),(340,'Union','Mason','WA','98592'),(341,'Newcastle','King','WA','98006'),(342,'Seaside','Monterey','CA','93955'),(343,'Seattle','King','WA','98055'),(344,'Normandy Park','King','WA','98198'),(345,'Springdale','Stevens','WA','99173'),(346,'Kennewick','Benton','WA','99337'),(347,'Fife','Pierce','WA','98424'),(348,'Tukwila','King','WA','98032'),(349,'Des Moines','King','WA','98032'),(350,'Olympia','Thurston','WA','98503'),(351,'Duvall','King','WA','98014'),(352,'Spokane','Spokane','WA','99217'),(353,'Puyallup','Pierce','WA','98375'),(354,'Cathlamet','Wahkiakum','WA','98612'),(355,'Buckley','Pierce','WA','98321'),(356,'Ryderwood','Cowlitz','WA','98581'),(357,'Indianola','Kitsap','WA','98370'),(358,'Evans','Stevens','WA','99126'),(359,'Ilwaco','Pacific','WA','98624'),(360,'Yarrow Point','King','WA','98004'),(361,'Kingston','Kitsap','WA','98370'),(362,'Tacoma','Pierce','WA','98402'),(363,'Sedro-Woolley','Skagit','WA','98284'),(364,'Mead','Spokane','WA','99021'),(365,'Sedro Woolley','Whatcom','WA','98284'),(366,'Quincy','Grant','WA','98848'),(367,'Tacoma','Pierce','WA','98407'),(368,'Federal Way','King','WA','98001'),(369,'Woodinville','Snohomish','WA','98077'),(370,'Ferndale','Whatcom','WA','98248'),(371,'White Swan','Yakima','WA','98952'),(372,'Fox Island','Pierce','WA','98333'),(373,'Ravensdale','King','WA','98051'),(374,'Orting','Pierce','WA','98360'),(375,'Norfolk','Norfolk','VA','23503'),(376,'Winthrop','Okanogan','WA','98862'),(377,'West Richland','Benton','WA','99353'),(378,'Shelton','Mason','WA','98584'),(379,'Deer Park','Spokane','WA','99003'),(380,'Cowiche','Yakima','WA','98923'),(381,'Onalaska','Lewis','WA','98570'),(382,'Cle Elum','Kittitas','WA','98922'),(383,'Mccleary','Grays Harbor','WA','98557'),(384,'Dallesport','Klickitat','WA','98617'),(385,'Bellevue','King','WA','98027'),(386,'Hoodsport','Mason','WA','98548'),(387,'Ravensdale','King','WA','98038'),(388,'Seattle','King','WA','98166'),(389,'Fayetteville','Cumberland','NC','28312'),(390,'Milton','Pierce','WA','98354'),(391,'Spokane','Spokane','WA','99205'),(392,'Stevenson','Skamania','WA','98648'),(393,'Aberdeen','Grays Harbor','WA','98520'),(394,'Allyn','Mason','WA','98524'),(395,'Sammamish','King','WA','98053'),(396,'Maple Valley','King','WA','98051'),(397,'Eastsound','San Juan','WA','98245'),(398,'Otis Orchards','Spokane','WA','99027'),(399,'North Cove','Pacific','WA','98547'),(400,'Upper Marlboro','Prince George\'s','MD','20774'),(401,'Fall City','King','WA','98024'),(402,'Veradale','Spokane','WA','99037'),(403,'Pros','Benton','WA','99350'),(404,'Pomeroy','Garfield','WA','99347'),(405,'Custer','Whatcom','WA','98240'),(406,'Kennewick','Benton','WA','99336'),(407,'Roy','Pierce','WA','98580'),(408,'Underwood','Skamania','WA','98651'),(409,'Deer Park','Spokane','WA','99006'),(410,'Kirkland','King','WA','98004'),(411,'Joint Base Lewis Mcchord','Pierce','WA','98433'),(412,'Washougal','Skamania','WA','98671'),(413,'Parker','Yakima','WA','98939'),(414,'University Place','Pierce','WA','98466'),(415,'Newman Lake','Spokane','WA','99025'),(416,'Spokane','Spokane','WA','99207'),(417,'Newport','Pend Oreille','WA','99156'),(418,'Lummi Island','Whatcom','WA','98262'),(419,'Ashford','Pierce','WA','98304'),(420,'Clarkston','Asotin','WA','99403'),(421,'Soap Lake','Grant','WA','98851'),(422,'Elma','Grays Harbor','WA','98541'),(423,'Tacoma','Pierce','WA','98443'),(424,'Cashmere','Chelan','WA','98815'),(425,'University Place','Pierce','WA','98467'),(426,'Olga','San Juan','WA','98279'),(427,'Royal City','Grant','WA','99357'),(428,'Bellingham','Skagit','WA','98229'),(429,'Deer Harbor','San Juan','WA','98243'),(430,'Spokane','Spokane','WA','99212'),(431,'Davenport','Lincoln','WA','99122'),(432,'Fairchild Air Force Base','Spokane','WA','99011'),(433,'Raymond','Pacific','WA','98577'),(434,'Tacoma','Pierce','WA','98409'),(435,'Woodinville','King','WA','98052'),(436,'Othello','Adams','WA','99344'),(437,'Tacoma','Pierce','WA','98446'),(438,'Union Gap','Yakima','WA','98903'),(439,'Hoquiam','Grays Harbor','WA','98550'),(440,'North Bend','King','WA','98065'),(441,'Sumner','Pierce','WA','98390'),(442,'Seattle','King','WA','98155'),(443,'Spokane Valley','Spokane','WA','99212'),(444,'Vader','Lewis','WA','98593'),(445,'Deer Park','Stevens','WA','99006'),(446,'Index','Snohomish','WA','98256'),(447,'Bremerton','Kitsap','WA','98370'),(448,'Bremerton','Kitsap','WA','98380'),(449,'Concrete','Skagit','WA','98237'),(450,'Poulsbo','Kitsap','WA','98392'),(451,'Valleyford','Spokane','WA','99036'),(452,'Elma','Mason','WA','98541'),(453,'Redmond','King','WA','98033'),(454,'Parkland','Pierce','WA','98446'),(455,'Port Orchard','Kitsap','WA','98329'),(456,'Palouse','Whitman','WA','99161'),(457,'Spokane','Spokane','WA','99004'),(458,'San Diego','San Diego','CA','92131'),(459,'Darrington','Snohomish','WA','98241'),(460,'Mead','Spokane','WA','99005'),(461,'Trout Lake','Klickitat','WA','98650'),(462,'Clallam Bay','Clallam','WA','98326'),(463,'Seaview','Pacific','WA','98644'),(464,'White Salmon','Skamania','WA','98672'),(465,'Bothell','King','WA','98028'),(466,'Anderson Island','Pierce','WA','98303'),(467,'Goshen','Oldham','KY','40026'),(468,'Carson','Skamania','WA','98610'),(469,'Benton City','Benton','WA','99320'),(470,'Mazama','Okanogan','WA','98833'),(471,'Spokane Valley','Spokane','WA','99037'),(472,'Malaga','Chelan','WA','98828'),(473,'Tacoma','Pierce','WA','98401'),(474,'Twisp','Okanogan','WA','98856'),(475,'Bothell','King','WA','98072'),(476,'Shoreline','King','WA','98020'),(477,'Bz Corner','Klickitat','WA','98672'),(478,'Pacific Beach','Grays Harbor','WA','98571'),(479,'Connell','Franklin','WA','99326'),(480,'Maple Falls','Whatcom','WA','98266'),(481,'Lopez Is','San Juan','WA','98261'),(482,'Packwood','Lewis','WA','98361'),(483,'Seattle','King','WA','98164'),(484,'Carlton','Okanogan','WA','98814'),(485,'Morton','Lewis','WA','98356'),(486,'Yorktown','York','VA','23693'),(487,'Warden','Grant','WA','98857'),(488,'Buena Park','Orange','CA','90621'),(489,'Bremerton','Kitsap','WA','98314'),(490,'Buena','Yakima','WA','98921'),(491,'Copalis Beach','Grays Harbor','WA','98535'),(492,'Ronald','Kittitas','WA','98940'),(493,'Silver Creek','Lewis','WA','98585'),(494,'Hatton','Adams','WA','99344'),(495,'Mineral','Lewis','WA','98355'),(496,'Othello','Franklin','WA','99344'),(497,'Tonasket','Okanogan','WA','98855'),(498,'Clearlake','Skagit','WA','98235'),(499,'Omak','Okanogan','WA','98841'),(500,'Mica','Spokane','WA','99023'),(501,'Ritzville','Adams','WA','99169'),(502,'Lamont','Whitman','WA','99017'),(503,'Husum','Klickitat','WA','98672'),(504,'Spangle','Spokane','WA','99031'),(505,'Taholah','Grays Harbor','WA','98587'),(506,'Spokane','Spokane','WA','99021'),(507,'Carnation','King','WA','98019'),(508,'North Bonneville','Skamania','WA','98639'),(509,'Chattaroy','Spokane','WA','99003'),(510,'Lind','Adams','WA','99341'),(511,'Harrington','Lincoln','WA','99134'),(512,'Kent','King','WA','98058'),(513,'Cusick','Pend Oreille','WA','99119'),(514,'Medical Lake','Spokane','WA','99224'),(515,'Mattawa','Grant','WA','99349'),(516,'Moxee','Yakima','WA','98901'),(517,'Snowden','Klickitat','WA','98672'),(518,'Bothell','King','WA','98034'),(519,'South Bend','Pacific','WA','98586'),(520,'Carbonado','Pierce','WA','98323'),(521,'Rock Island','Douglas','WA','98850'),(522,'Renton','King','WA','98178'),(523,'Oakville','Grays Harbor','WA','98568'),(524,'Murdock','Klickitat','WA','98635'),(525,'Grayland','Grays Harbor','WA','98547'),(526,'Coulee Dam','Okanogan','WA','99116'),(527,'Easton','Kittitas','WA','98925'),(528,'Brewster','Okanogan','WA','98812'),(529,'Edgewood','Pierce','WA','98371'),(530,'Raleigh','Wake','NC','27601'),(531,'Naselle','Wahkiakum','WA','98638'),(532,'Mossyrock','Lewis','WA','98564'),(533,'Riverside','Okanogan','WA','98849'),(534,'Ione','Pend Oreille','WA','99139'),(535,'Fairfield','Spokane','WA','99012'),(536,'Vaughn','Pierce','WA','98394'),(537,'Kirkland','King','WA','98011'),(538,'Waitsburg','Walla Walla','WA','99361'),(539,'Sumas','Whatcom','WA','98295'),(540,'Roslyn','Kittitas','WA','98941'),(541,'Roosevelt','Klickitat','WA','99356'),(542,'Olympia','Mason','WA','98502'),(543,'Entiat','Chelan','WA','98822'),(544,'Tahuya','Mason','WA','98588'),(545,'Vantage','Kittitas','WA','98950'),(546,'Bickleton','Klickitat','WA','99322'),(547,'Oroville','Okanogan','WA','98844'),(548,'Gardena','Los Angeles','CA','90249'),(549,'Spokane','Spokane','WA','99216'),(550,'Glacier','Whatcom','WA','98244'),(551,'Rosalia','Spokane','WA','99170'),(552,'Wilbur','Lincoln','WA','99185'),(553,'Wilkeson','Pierce','WA','98396'),(554,'Healdsburg','Sonoma','CA','95448'),(555,'Cinebar','Lewis','WA','98533'),(556,'Copalis Crossing','Grays Harbor','WA','98536'),(557,'Okanogan','Okanogan','WA','98840'),(558,'Issaquah','King','WA','98059'),(559,'Medical Lake','Spokane','WA','99004'),(560,'Randle','Lewis','WA','98377'),(561,'Reardan','Spokane','WA','99029'),(562,'Touchet','Walla Walla','WA','99360'),(563,'Almira','Lincoln','WA','99103'),(564,'Cosmopolis','Grays Harbor','WA','98537'),(565,'Rochester','Lewis','WA','98579'),(566,'Kirkland','King','WA','98072'),(567,'Seattle','King','WA','98148'),(568,'Westport','Grays Harbor','WA','98595'),(569,'Republic','Ferry','WA','99166'),(570,'Peshastin','Chelan','WA','98847'),(571,'Beaver','Clallam','WA','98305'),(572,'Waterville','Douglas','WA','98858'),(573,'Tacoma','Pierce','WA','98421'),(574,'Electric City','Grant','WA','99123'),(575,'Burbank','Walla Walla','WA','99323'),(576,'Cheney','Spokane','WA','99224'),(577,'Othello','Grant','WA','99344'),(578,'Tacoma','Pierce','WA','98466'),(579,'Garfield','Whitman','WA','99130'),(580,'Mesa','Franklin','WA','99343'),(581,'Salkum','Lewis','WA','98582'),(582,'Eltopia','Franklin','WA','99330'),(583,'Rosburg','Wahkiakum','WA','98643'),(584,'Renton','King','WA','98038'),(585,'Tacoma','Pierce','WA','98416'),(586,'Lilliwaup','Mason','WA','98555'),(587,'Coulee City','Grant','WA','99115'),(588,'Naselle','Pacific','WA','98638'),(589,'Fallon','Churchill','NV','89406'),(590,'Rosalia','Whitman','WA','99170'),(591,'Newman Lake','Spokane','WA','99027'),(592,'Issaquah','King','WA','98006'),(593,'Anacortes','San Juan','WA','98221'),(594,'Seatac','King','WA','98032'),(595,'Cheney','Spokane','WA','99022'),(596,'Decatur','DeKalb','GA','30030'),(597,'Woodinville','King','WA','98053'),(598,'Midway City','Orange','CA','92655'),(599,'Oakville','Thurston','WA','98568'),(600,'Uniontown','Whitman','WA','99113'),(601,'Glenoma','Lewis','WA','98336'),(602,'Waldron','San Juan','WA','98297'),(603,'Murdock','Klickitat','WA','98617'),(604,'Elk','Pend Oreille','WA','99009'),(605,'Pacific','Pierce','WA','98047'),(606,'Grandview','Benton','WA','98930'),(607,'Nooksack','Whatcom','WA','98276'),(608,'Henrico','Goochland','VA','23238'),(609,'Stafford','Stafford','VA','22554'),(610,'Carlisle','Cumberland','PA','17013'),(611,'Longbranch','Pierce','WA','98351'),(612,'Spokane Valley','Spokane','WA','99027'),(613,'Glenoma','Lewis','WA','98356'),(614,'San Diego','San Diego','CA','92102'),(615,'Pittsburg','Contra Costa','CA','94565'),(616,'Elk','Spokane','WA','99009'),(617,'Lakewood','Pierce','WA','98439'),(618,'Kent','King','WA','98092'),(619,'Ethel','Lewis','WA','98532'),(620,'Odessa','Lincoln','WA','99159'),(621,'Orcas Is','San Juan','WA','98245'),(622,'Spokane','Spokane','WA','99005'),(623,'Rockport','Skagit','WA','98283'),(624,'Tacoma','Pierce','WA','98433'),(625,'Seven Bays','Lincoln','WA','99122'),(626,'Deming','Whatcom','WA','98244'),(627,'Menifee','Riverside','CA','92585'),(628,'Maple Valley','King','WA','98010'),(629,'Reardan','Lincoln','WA','99029'),(630,'Asotin','Asotin','WA','99402'),(631,'North Cove','Pacific','WA','98590'),(632,'Elmer City','Okanogan','WA','99124'),(633,'Kittitas','Kittitas','WA','98934'),(634,'Lyle','Klickitat','WA','98635'),(635,'Maple Valley','King','WA','98059'),(636,'Aldie','Loudoun','VA','20105'),(637,'South Cle Elum','Kittitas','WA','98943'),(638,'Spangle','Spokane','WA','99004'),(639,'Menlo','Pacific','WA','98577'),(640,'Rice','Stevens','WA','99167'),(641,'Ethel','Lewis','WA','98542'),(642,'Pateros','Okanogan','WA','98846'),(643,'Ford','Lincoln','WA','99013'),(644,'Curtis','Lewis','WA','98538'),(645,'Spokane','Spokane','WA','99031'),(646,'Greenacres','Spokane','WA','99019'),(647,'Bridgeport Bar','Douglas','WA','98812'),(648,'Preston','King','WA','98024'),(649,'Surfside','Pacific','WA','98640'),(650,'Palisades','Douglas','WA','98845'),(651,'Grand Coulee','Grant','WA','99133'),(652,'Edwall','Spokane','WA','99008'),(653,'Grand Coulee','Lincoln','WA','99133'),(654,'Snoqualmie','King','WA','98024'),(655,'Kettle Falls','Ferry','WA','99141'),(656,'Neah Bay','Clallam','WA','98357'),(657,'Fort Wayne','Allen','IN','46818'),(658,'St John','Whitman','WA','99171'),(659,'Toano','James City','VA','23168'),(660,'Ruston','Pierce','WA','98407'),(661,'Acme','Whatcom','WA','98220'),(662,'Langley','Island','WA','98249'),(663,'Maple Valley','King','WA','98058'),(664,'Black Diamond','King','WA','98042'),(665,'Rockford','Spokane','WA','99030'),(666,'Maple Valley','King','WA','98045'),(667,'Valley','Stevens','WA','99181'),(668,'Pacific','King','WA','98001'),(669,'Galvin','Lewis','WA','98544'),(670,'Dixie','Walla Walla','WA','99329'),(671,'Inchelium','Ferry','WA','99138'),(672,'Moclips','Grays Harbor','WA','98562'),(673,'Sprague','Lincoln','WA','99032'),(674,'Alderdale','Klickitat','WA','99350'),(675,'Snoqualmie Pass','King','WA','98045'),(676,'Ford','Stevens','WA','99013'),(677,'Federal Way','King','WA','98422'),(678,'San Diego','San Diego','CA','92154'),(679,'Preston','King','WA','98027'),(680,'Edgewater','Anne Arundel','MD','21037'),(681,'Sekiu','Clallam','WA','98381'),(682,'Bay Center','Pacific','WA','98586'),(683,'Clayton','Stevens','WA','99110'),(684,'Chattaroy','Spokane','WA','99021'),(685,'Albion','Whitman','WA','99102'),(686,'Chehalis','Lewis','WA','98542'),(687,'Renton','King','WA','98042'),(688,'Darrington','Skagit','WA','98241'),(689,'Redmond','King','WA','98014'),(690,'Curlew','Ferry','WA','99118'),(691,'Omaha','Douglas','NE','68135'),(692,'Saint Jacob','Madison','IL','62281'),(693,'Lebam','Pacific','WA','98577'),(694,'Shaw Island','San Juan','WA','98286'),(695,'Carrollton','Isle of Wight','VA','23314'),(696,'Malott','Okanogan','WA','98840'),(697,'Napavine','Lewis','WA','98565'),(698,'La Mesa','San Diego','CA','91942'),(699,'Startup','Snohomish','WA','98294'),(700,'Seattle','King','WA','98188'),(701,'Gifford','Stevens','WA','99131'),(702,'Maryhill','Klickitat','WA','98620'),(703,'Elbe','Pierce','WA','98330'),(704,'Kirkland','King','WA','98052'),(705,'Colfax','Whitman','WA','99111'),(706,'Fort Leavenworth','Leavenworth','KS','66027'),(707,'Hughesville','Charles','MD','20637'),(708,'Malden','Whitman','WA','99149'),(709,'Everett','Snohomish','WA','98206'),(710,'Klickitat','Klickitat','WA','98628'),(711,'Nahcotta','Pacific','WA','98640'),(712,'Bellevue','Sarpy','NE','68123'),(713,'Bingen','Skamania','WA','98605'),(714,'South Prairie','Pierce','WA','98385'),(715,'San Diego','San Diego','CA','92127'),(716,'Hartline','Grant','WA','99135'),(717,'Oceanside','San Diego','CA','92056'),(718,'Brooklyn','Kings','NY','11209'),(719,'Oceanside','San Diego','CA','92057'),(720,'Paterson','Benton','WA','99345'),(721,'Bridgeport','Douglas','WA','98813'),(722,'Wellpinit','Stevens','WA','99040'),(723,'Black Diamond','King','WA','98092'),(724,'Orient','Ferry','WA','99160'),(725,'San Diego','San Diego','CA','92124'),(726,'Tokeland','Pacific','WA','98590'),(727,'Coulee City','Douglas','WA','99115'),(728,'Wahkiacus','Klickitat','WA','98670'),(729,'McCleary','Mason','WA','98557'),(730,'Lemoore','Kings','CA','93245'),(731,'Camarillo','Ventura','CA','93010'),(732,'Klickitat','Klickitat','WA','98635'),(733,'Redwood City','San Mateo','CA','94063'),(734,'Creston','Lincoln','WA','99117'),(735,'Endicott','Whitman','WA','99125'),(736,'Sacramento','Sacramento','CA','95833'),(737,'Seaview','Pacific','WA','98631'),(738,'Tekoa','Whitman','WA','99033'),(739,'Silver Lake','Cowlitz','WA','98645'),(740,'Maple Valley','King','WA','98027'),(741,'Mansfield','Douglas','WA','98830'),(742,'Trabuco Canyon','Orange','CA','92679'),(743,'Kent','King','WA','98001'),(744,'Los Angeles','Los Angeles','CA','90064'),(745,'Lakewood','Los Angeles','CA','90713'),(746,'Grays River','Wahkiakum','WA','98621'),(747,'Loon Lake','Stevens','WA','99148'),(748,'Zillah','Yakima','WA','98951'),(749,'Port Gamble','Kitsap','WA','98370'),(750,'Gambrills','Anne Arundel','MD','21054'),(751,'Kihei','Maui','HI','96753'),(752,'Long Beach','Pacific','WA','98634'),(753,'Thorp','Kittitas','WA','98946'),(754,'','','AE','0'),(755,'Boise','Ada','ID','83706'),(756,'Mobile','Mobile','AL','36619'),(757,'Washington','District of Columbia','DC','20002'),(758,'Latah','Spokane','WA','99018'),(759,'New York','New York','NY','10023'),(760,'Addy','Stevens','WA','99101'),(761,'Preston','King','WA','98050'),(762,'Portland','Multnomah','OR','97214'),(763,'Richland','Benton','WA','99338'),(764,'Oysterville','Pacific','WA','98641'),(765,'Carlton','Okanogan','WA','98834'),(766,'Vienna','Fairfax','VA','22180'),(767,'Redmond','King','WA','98074'),(768,'Wildomar','Riverside','CA','92595'),(769,'Lacrosse','Whitman','WA','99143'),(770,'Wichita Falls','Wichita','TX','76310'),(771,'Nespelem','Okanogan','WA','99155'),(772,'El Paso','El Paso','TX','79911'),(773,'Zillah','Yakima','WA','98932'),(774,'Ewa Beach','Honolulu','HI','96706'),(775,'San Diego','San Diego','CA','92103'),(776,'Smith Creek','Pacific','WA','98577'),(777,'Napavine','Lewis','WA','98532'),(778,'Bellevue','King','WA','98033'),(779,'Phoenix','Maricopa','AZ','85086'),(780,'Veradale','Spokane','WA','99016'),(781,'Amanda Park','Grays Harbor','WA','98526'),(782,'Bethesda','Montgomery','MD','20814'),(783,'Lithia','Hillsborough','FL','33547'),(784,'Hunters','Stevens','WA','99137'),(785,'Hamilton','Skagit','WA','98255'),(786,'Colton','Whitman','WA','99113'),(787,'Willapa','Pacific','WA','98577'),(788,'Cougar','Cowlitz','WA','98616'),(789,'Kittitas','Kittitas','WA','98926'),(790,'Lyman','Skagit','WA','98263'),(791,'Oceanside','San Diego','CA','92058'),(792,'Onalaska','Lewis','WA','98532'),(793,'Adna','Lewis','WA','98522'),(794,'Las Cruces','Doña Ana','NM','88012'),(795,'Prattville','Autauga','AL','36067'),(796,'Scottsdale','Maricopa','AZ','85250'),(797,'San Diego','San Diego','CA','92101'),(798,'Walla Walla Co','Walla Walla','WA','99362'),(799,'Naches','Yakima','WA','98942'),(800,'Chula Vista','San Diego','CA','91913'),(801,'Hanahan','Berkeley','SC','29410'),(802,'Pensacola','Escambia','FL','32506'),(803,'San Diego','San Diego','CA','92107'),(804,'Salem','Polk','OR','97304'),(805,'Charleston Afb','Charleston','SC','29404'),(806,'Fort Bragg','Cumberland','NC','28307'),(807,'Baring','King','WA','98224'),(808,'Orcas','San Juan','WA','98280'),(809,'Carnation','King','WA','98053'),(810,'Methow','Okanogan','WA','98846'),(811,'Tukwila','King','WA','98108'),(812,'Springfield','Fairfax','VA','22152'),(813,'Artondale','Pierce','WA','98335'),(814,'Satsop','Grays Harbor','WA','98583'),(815,'Tacoma','Pierce','WA','98447'),(816,'Cincinnati','Hamilton','OH','45243'),(817,'Princeton','Mercer','NJ','8540'),(818,'Travis Afb','Solano','CA','94535'),(819,'Orcas Is','San Juan','WA','98243'),(820,'Centerville','Klickitat','WA','98613'),(821,'Virginia Beach','Virginia Beach','VA','23453'),(822,'Frisco','Collin','TX','75034'),(823,'Houston','Harris','TX','77057'),(824,'Uniontown','Whitman','WA','99179'),(825,'Warren','Macomb','MI','48092'),(826,'San Diego','San Diego','CA','92126'),(827,'Cathedral City','Riverside','CA','92234'),(828,'Stratford','Grant','WA','98853'),(829,'Mc Lean','Fairfax','VA','22101'),(830,'Kailua','Honolulu','HI','96734'),(831,'Pasc','Franklin','WA','99301'),(832,'Rich','Benton','WA','99352'),(833,'Skamokawa','Wahkiakum','WA','98647'),(834,'Roosevelt','Klickitat','WA','98620'),(835,'Prosser','Yakima','WA','99350'),(836,'Fredericksburg','Spotsylvania','VA','22408'),(837,'Pella','Marion','IA','50219'),(838,'Middletown','Newport','RI','2842'),(839,'Metaline','Pend Oreille','WA','99152'),(840,'Chattaroy','Spokane','WA','99006'),(841,'Tumtum','Stevens','WA','99034'),(842,'Snoqualmie Pass','King','WA','98068'),(843,'Fort Belvoir','Fairfax','VA','22060'),(844,'Moorpark','Ventura','CA','93021'),(845,'Fredericksburg','Stafford','VA','22405'),(846,'Santa Rosa','Sonoma','CA','95401'),(847,'Annapolis','Anne Arundel','MD','21401'),(848,'Incorporated','Pierce','WA','98498'),(849,'Deer Meadows','Lincoln','WA','99122'),(850,'Raeford','Hoke','NC','28376'),(851,'Cheyenne','Laramie','WY','82001'),(852,'Houston','Harris','TX','77002'),(853,'Cupertino','Santa Clara','CA','95014'),(854,'San Rafael','Marin','CA','94901'),(855,'South Lake Tahoe','El Dorado','CA','96155'),(856,'Shoreline','Snohomish','WA','98177'),(857,'Roslyn','Kittitas','WA','98940'),(858,'Joint Base Lewis Mcchord','Pierce','WA','98438'),(859,'Alderwood Manor','Snohomish','WA','98036'),(860,'Port Hueneme','Ventura','CA','93041'),(861,'Tampa','Hillsborough','FL','33610'),(862,'Renton','King','WA','98031'),(863,'Olympia','Thurston','WA','98504'),(864,'Auburn','King','WA','98022'),(865,'Sparks','Washoe','NV','89436'),(866,'Lancaster','Los Angeles','CA','93536'),(867,'Lincoln','Lincoln','WA','99147'),(868,'Waldorf','Charles','MD','20603'),(869,'Alexandria','Fairfax','VA','22308'),(870,'New York','New York','NY','10010'),(871,'Tooele','Tooele','UT','84074'),(872,'Marina','Monterey','CA','93933'),(873,'Leander','Travis','TX','78641'),(874,'Beverly','Grant','WA','99321'),(875,'Chandler','Maricopa','AZ','85248'),(876,'Reno','Washoe','NV','89521'),(877,'Lompoc','Santa Barbara','CA','93436'),(878,'Dover','Kent','DE','19901'),(879,'Martha Lake','Snohomish','WA','98087'),(880,'Salem','Marion','OR','97302'),(881,'Silverdale','Kitsap','WA','98311'),(882,'North Las Vegas','Clark','NV','89084'),(883,'San Jose','Santa Clara','CA','95131'),(884,'Peoria','Maricopa','AZ','85383'),(885,'Charlottesville','Albemarle','VA','22901'),(886,'Dayton','Montgomery','OH','45458'),(887,'Winterville','Pitt','NC','28590'),(888,'Chattaroy','Spokane','WA','99005'),(889,'Oceanside','San Diego','CA','92051'),(890,'Sarasota','Sarasota','FL','34242'),(891,'Tacoma','Pierce','WA','98417'),(892,'Aberdeen Proving Ground','Harford','MD','21005'),(893,'Marblemount','Skagit','WA','98267'),(894,'Prairie Ridge','Pierce','WA','98391'),(895,'Santa Cruz','Santa Cruz','CA','95062'),(896,'Pe Ell','Lewis','WA','98572'),(897,'Berkeley','Alameda','CA','94710'),(898,'Las Vegas','Clark','NV','89118'),(899,'Incorporated','Pierce','WA','98499'),(900,'Egg Harbor Township','Atlantic','NJ','8234'),(901,'Fayetteville','Cumberland','NC','28306'),(902,'Chinook','Pacific','WA','98614'),(903,'Springfield','Fairfax','VA','22153'),(904,'Phoenix','Maricopa','AZ','85040'),(905,'Tacoma','Pierce','WA','98411'),(906,'Libertyville','Lake','IL','60048'),(907,'Usk','Pend Oreille','WA','99180'),(908,'Prescott','Walla Walla','WA','99348'),(909,'Irvine','Orange','CA','92618'),(910,'Saratoga Springs','Saratoga','NY','12866'),(911,'Post Falls','Kootenai','ID','83854'),(912,'Townsend','New Castle','DE','19734'),(913,'Aurora','Arapahoe','CO','80018'),(914,'Bedford','Tarrant','TX','76022'),(915,'San Francisco','San Francisco','CA','94107'),(916,'Andrews Air Force Base','Prince George\'s','MD','20762'),(917,'Alexandria','Alexandria','VA','22314'),(918,'Carlsbad','San Diego','CA','92011'),(919,'West Chicago','DuPage','IL','60185'),(920,'Greene','Kent','RI','2827'),(921,'Hanscom Afb','Middlesex','MA','1731'),(922,'Northport','Stevens','WA','99157'),(923,'Skokie','Cook','IL','60077'),(924,'Little Rock','Pulaski','AR','72207'),(925,'Edmonds','Snohomish','WA','98036'),(926,'Dryden','Chelan','WA','98821'),(927,'Jersey City','Hudson','NJ','7302'),(928,'Aurora','Adams','CO','80019'),(929,'Pacifica','San Mateo','CA','94044'),(930,'Edmonds','Snohomish','WA','98087'),(931,'Eagle River','Anchorage','AK','99577'),(932,'Minneapolis','Hennepin','MN','55408'),(933,'San Juan Is','San Juan','WA','98250'),(934,'Saint Louis','St. Louis','MO','63137'),(935,'Holden Village','Chelan','WA','98816'),(936,'Kapowsin','Pierce','WA','98344'),(937,'Apache Junction','Pinal','AZ','85119'),(938,'Manassas','Prince William','VA','20111'),(939,'El Paso','El Paso','TX','79938'),(940,'Spring Lake','Harnett','NC','28390'),(941,'Fort Benning','Muscogee','GA','31905'),(942,'San Clemente','San Diego','CA','92672'),(943,'Tacoma','Pierce','WA','98493'),(944,'Rineyville','Hardin','KY','40162'),(945,'East Brunswick','Middlesex','NJ','8816'),(946,'Hopkins','Richland','SC','29061'),(947,'Las Vegas','Clark','NV','89145'),(948,'Roseville','Placer','CA','95661'),(949,'Oysterville','Pacific','WA','98640'),(950,'Joint Base Mdl','Burlington','NJ','8641'),(951,'Belle Chasse','Plaquemines','LA','70037'),(952,'Chesapeake','Chesapeake','VA','23321'),(953,'Marlin','Grant','WA','98832'),(954,'El Paso','El Paso','TX','79906'),(955,'Suffolk','Suffolk','VA','23435'),(956,'Methow','Okanogan','WA','98834'),(957,'Grand Coulee','Douglas','WA','99133'),(958,'Topanga','Los Angeles','CA','90290'),(959,'White Salmon','Klickitat','WA','98635'),(960,'Colorado Springs','El Paso','CO','80921'),(961,'Seattle','King','WA','98124'),(962,'Madison','New Haven','CT','6443'),(963,'Fort George G Meade','Anne Arundel','MD','20755'),(964,'Sausalito','Marin','CA','94965'),(965,'Springfield','Lane','OR','97477'),(966,'Chicago','Cook','IL','60605'),(967,'Portsmouth','Rockingham','NH','3804'),(968,'Odenton','Anne Arundel','MD','21113'),(969,'Silver Spring','Montgomery','MD','20904'),(970,'Fort Washington','Prince George\'s','MD','20744'),(971,'Lisle','DuPage','IL','60532'),(972,'Ventura','Ventura','CA','93001'),(973,'Conyers','Rockdale','GA','30013'),(974,'South Salt Lake','Salt Lake','UT','84115'),(975,'Gales Ferry','New London','CT','6335'),(976,'Holloman Air Force Base','Otero','NM','88330'),(977,'Northridge','Los Angeles','CA','91325'),(978,'Tempe','Maricopa','AZ','85281'),(979,'Fort Worth','Tarrant','TX','76179'),(980,'Lacey','Thurston','WA','98506'),(981,'Philadelphia','Philadelphia','PA','19149'),(982,'O Fallon','St. Charles','MO','63368'),(983,'Honolulu','Honolulu','HI','96818'),(984,'Summerville','Berkeley','SC','29486'),(985,'Columbus','Muscogee','GA','31907'),(986,'Tucson','Pima','AZ','85718'),(987,'Dayton','Howard','MD','21036'),(988,'Sherwood','Pulaski','AR','72120'),(989,'Lexington Park','St. Mary\'s','MD','20653'),(990,'Tacoma','Pierce','WA','98464'),(991,'South Bend','Pacific','WA','98577'),(992,'Kekaha','Kauai','HI','96752'),(993,'Santa Clara','Santa Clara','CA','95054'),(994,'Old Lyme','New London','CT','6371'),(995,'Middletown','Frederick','MD','21769'),(996,'Dumfries','Prince William','VA','22025'),(997,'South Jordan','Salt Lake','UT','84009'),(998,'Englewood','Arapahoe','CO','80111'),(999,'Beale Afb','Yuba','CA','95903'),(1000,'Coupeville','Island','WA','98253'),(1001,'Folsom','Sacramento','CA','95630'),(1002,'Ellicott City','Howard','MD','21042'),(1003,'Mountain View','Santa Clara','CA','94043'),(1004,'Quincy','Douglas','WA','98848'),(1005,'Greenacres','Spokane','WA','99023'),(1006,'Quinault','Grays Harbor','WA','98575'),(1007,'Little Elm','Denton','TX','75068'),(1008,'Montgomery','Montgomery','AL','36113'),(1009,'Boise','Ada','ID','83702'),(1010,'Rathdrum','Kootenai','ID','83858'),(1011,'Ann Arbor','Washtenaw','MI','48103'),(1012,'Panama City','Bay','FL','32405'),(1013,'Monument','El Paso','CO','80132'),(1014,'Okatie','Beaufort','SC','29909'),(1015,'Colorado Springs','El Paso','CO','80923'),(1016,'Madison','Madison','AL','35758'),(1017,'Chesapeake Beach','Calvert','MD','20732'),(1018,'San Diego','San Diego','CA','92109'),(1019,'Champaign','Champaign','IL','61822'),(1020,'Chelan','Okanogan','WA','98816'),(1021,'Virginia Beach','Virginia Beach','VA','23456'),(1022,'Virginia Beach','Virginia Beach','VA','23464'),(1023,'Holly Springs','Wake','NC','27540'),(1024,'Pacific Grove','Monterey','CA','93950'),(1025,'Colbert','Spokane','WA','99208'),(1026,'Columbus','Muscogee','GA','31909'),(1027,'Saint Robert','Pulaski','MO','65584'),(1028,'San Angelo','Tom Green','TX','76904'),(1029,'Ogdensburg','St. Lawrence','NY','13669'),(1030,'Coulee Dam','Douglas','WA','99116'),(1031,'Green Bay','Brown','WI','54313'),(1032,'Boca Raton','Palm Beach','FL','33432'),(1033,'','','BC','0'),(1034,'Smiths Station','Lee','AL','36877'),(1035,'Fort Wayne','Allen','IN','46802'),(1036,'Atherton','San Mateo','CA','94027'),(1037,'Harrison','Hudson','NJ','7029'),(1038,'Derby','Sedgwick','KS','67037'),(1039,'Bloomfield','Essex','NJ','7003'),(1040,'Chelan Falls','Chelan','WA','98817'),(1041,'Conconully','Okanogan','WA','98819'),(1042,'Columbia','Lexington','SC','29212'),(1043,'Montclair','Essex','NJ','7042'),(1044,'Gunpowder','Harford','MD','21010'),(1045,'Cameron','Harnett','NC','28326'),(1046,'Portsmouth','Portsmouth','VA','23707'),(1047,'Killeen','Bell','TX','76549'),(1048,'Davis','Yolo','CA','95618'),(1049,'Benicia','Solano','CA','94510'),(1050,'Morrisville','Wake','NC','27560'),(1051,'Groton','New London','CT','6340'),(1052,'Virginia Beach','Virginia Beach','VA','23455'),(1053,'Lafayette','Contra Costa','CA','94549'),(1054,'Fort Irwin','San Bernardino','CA','92310'),(1055,'Lakeview','Grant','WA','98851'),(1056,'Corpus Christi','Nueces','TX','78414'),(1057,'Edgewood','Harford','MD','21040'),(1058,'Phoenix','Maricopa','AZ','85028'),(1059,'Appleton','Klickitat','WA','98635'),(1060,'Palo Alto','Santa Clara','CA','94301'),(1061,'Waterford','New London','CT','6385'),(1062,'Colorado Springs','El Paso','CO','80907'),(1063,'Kirkland','King','WA','98029'),(1064,'Chandler','Maricopa','AZ','85249'),(1065,'Hill Afb','Davis','UT','84056'),(1066,'Evans','Columbia','GA','30809'),(1067,'Martinez','Contra Costa','CA','94553'),(1068,'Preston','New London','CT','6365'),(1069,'Des Moines','King','WA','98003'),(1070,'Louisville','Jefferson','KY','40207'),(1071,'Edwards','Kern','CA','93523'),(1072,'Alameda','Alameda','CA','94501'),(1073,'Dickinson','Galveston','TX','77539'),(1074,'Buena Park','Orange','CA','90620'),(1075,'Vacaville','Solano','CA','95688'),(1076,'Los Angeles','Los Angeles','CA','90015'),(1077,'Worley','Kootenai','ID','83876'),(1078,'Apple Valley','San Bernardino','CA','92308'),(1079,'Fort Bragg','Cumberland','NC','28310'),(1080,'Hanover','Anne Arundel','MD','21076'),(1081,'Falls Church','Fairfax','VA','22041'),(1082,'North Chesterfield','Chesterfield','VA','23236'),(1083,'Calera','Shelby','AL','35040'),(1084,'Mechanicsburg','Cumberland','PA','17050'),(1085,'Pike Road','Montgomery','AL','36064'),(1086,'Belfair','Kitsap','WA','98528'),(1087,'Davis','Yolo','CA','95616'),(1088,'Fort Lee','Prince George','VA','23801'),(1089,'Seatac','King','WA','98158'),(1090,'Stanwood','Snohomish','WA','98271'),(1091,'Watertown','Jefferson','NY','13603'),(1092,'Chula Vista','San Diego','CA','91915'),(1093,'Orcas Is','San Juan','WA','98279'),(1094,'Colorado Springs','El Paso','CO','80920'),(1095,'Timnath','Larimer','CO','80547'),(1096,'Shreveport','Caddo','LA','71106'),(1097,'Warner Robins','Houston','GA','31098'),(1098,'Duvall','King','WA','98072'),(1099,'Bluffdale','Salt Lake','UT','84065'),(1100,'Woodbridge','Prince William','VA','22191'),(1101,'Roseville','Placer','CA','95747'),(1102,'Spokane Valley','Spokane','WA','99223'),(1103,'Burr Ridge','DuPage','IL','60527'),(1104,'Fremont','Alameda','CA','94538'),(1105,'Leavenworth','Chelan','WA','98847'),(1106,'Austin','Williamson','TX','78717'),(1107,'Berkeley','Alameda','CA','94707'),(1108,'Chantilly','Loudoun','VA','20152'),(1109,'Chehalis','Lewis','WA','98531'),(1110,'Fort Knox','Meade','KY','40121'),(1111,'Spokane','Spokane','WA','99037'),(1112,'Los Angeles','Los Angeles','CA','90038'),(1113,'Montgomery','Montgomery','AL','36112'),(1114,'Colorado Springs','El Paso','CO','80906'),(1115,'Olympia','Thurston','WA','98507'),(1116,'Las Vegas','Clark','NV','89138'),(1117,'Mystic','New London','CT','6355'),(1118,'Los Angeles','Los Angeles','CA','90027'),(1119,'Jacksonville','Duval','FL','32222'),(1120,'Sanford','Harnett','NC','27332'),(1121,'Issaquah','King','WA','98075'),(1122,'Curtis','Lewis','WA','98532'),(1123,'Ridgecrest','Kern','CA','93555'),(1124,'San Jose','Santa Clara','CA','95120'),(1125,'Dresher','Montgomery','PA','19025'),(1126,'Highland Park','Lake','IL','60035'),(1127,'Danville','Ferry','WA','99121'),(1128,'Silver Spring','Montgomery','MD','20906'),(1129,'Colorado Springs','El Paso','CO','80908'),(1130,'Moyock','Currituck','NC','27958'),(1131,'Arnold','Anne Arundel','MD','21012'),(1132,'Waverly','Spokane','WA','99039'),(1133,'Atlanta','DeKalb','GA','30316'),(1134,'Palo Alto','Santa Clara','CA','94303'),(1135,'Index','Snohomish','WA','98294'),(1136,'Arcadia','Los Angeles','CA','91006'),(1137,'Colorado Springs','El Paso','CO','80924'),(1138,'Gold Bar','King','WA','98251'),(1139,'Monterey','Monterey','CA','93940'),(1140,'Westlake','Cuyahoga','OH','44145'),(1141,'Charlottesville','Albemarle','VA','22911'),(1142,'Lodi','San Joaquin','CA','95242'),(1143,'Burke','Fairfax','VA','22015'),(1144,'Springfield','Fairfax','VA','22151'),(1145,'Castle Rock','Douglas','CO','80104'),(1146,'Long Beach','Los Angeles','CA','90815'),(1147,'Potomac','Montgomery','MD','20854'),(1148,'Houston','Harris','TX','77079'),(1149,'Westminster','Carroll','MD','21157'),(1150,'Newport News','Newport News','VA','23602'),(1151,'Maricopa','Pinal','AZ','85138'),(1152,'Boston','Suffolk','MA','2116'),(1153,'Melbourne','Brevard','FL','32904'),(1154,'Tampa','Hillsborough','FL','33647'),(1155,'Glenwood','Klickitat','WA','98619'),(1156,'Torrance','Los Angeles','CA','90504'),(1157,'Braselton','Gwinnett','GA','30517'),(1158,'Merrifield','Fairfax','VA','22119'),(1159,'Enid','Garfield','OK','73703'),(1160,'Rock Island','Rock Island','IL','61201'),(1161,'Hanford','Kings','CA','93230'),(1162,'Chesapeake','Chesapeake','VA','23320'),(1163,'San Antonio','Bexar','TX','78245'),(1164,'Lansing','Leavenworth','KS','66043'),(1165,'Tampa','Hillsborough','FL','33612'),(1166,'Winter Park','Orange','FL','32792'),(1167,'Springville','Utah','UT','84663'),(1168,'Henderson','Clark','NV','89044'),(1169,'Palm Springs','Riverside','CA','92264'),(1170,'Waynesville','Pulaski','MO','65583'),(1171,'Sunnyvale','Santa Clara','CA','94086'),(1172,'Colbert','Spokane','WA','99003'),(1173,'Kent','King','WA','98038'),(1174,'Southlake','Tarrant','TX','76092'),(1175,'Fresno','Fresno','CA','93723'),(1176,'Elizabethtown','Hardin','KY','42701'),(1177,'Plymouth','Benton','WA','99346'),(1178,'San Antonio','Bexar','TX','78254'),(1179,'Fredericksburg','Fredericksburg','VA','22401'),(1180,'Dumfries','Prince William','VA','22026'),(1181,'Hudson','Middlesex','MA','1749'),(1182,'Los Altos','Santa Clara','CA','94024'),(1183,'Honolulu','Honolulu','HI','96813'),(1184,'Marysville','Snohomish','WA','98292'),(1185,'Williamsburg','Williamsburg','VA','23185'),(1186,'Colorado Springs','El Paso','CO','80919'),(1187,'Brownsville','Cameron','TX','78521'),(1188,'Lafayette','Tippecanoe','IN','47905'),(1189,'Port Orchard','Kitsap','WA','98312'),(1190,'Kent','King','WA','98035'),(1191,'Las Vegas','Clark','NV','89135'),(1192,'Goodyear','Maricopa','AZ','85338'),(1193,'Killeen','Bell','TX','76542'),(1194,'Winthrop','Okanogan','WA','98833'),(1195,'Gaithersburg','Montgomery','MD','20878'),(1196,'Ozark','Christian','MO','65721'),(1197,'Everett','Snohomish','WA','98012'),(1198,'San Antonio','Bexar','TX','78261'),(1199,'Coronado','San Diego','CA','92118'),(1200,'Auburn','King','WA','98042'),(1201,'Seattle','King','WA','98198'),(1202,'Greenfield Center','Saratoga','NY','12833'),(1203,'Wishram','Klickitat','WA','98673');
/*!40000 ALTER TABLE `dim_location` ENABLE KEYS */;
UNLOCK TABLES;

--
-- Table structure for table `dim_make`
--

DROP TABLE IF EXISTS `dim_make`;
/*!40101 SET @saved_cs_client     = @@character_set_client */;
/*!50503 SET character_set_client = utf8mb4 */;
CREATE TABLE `dim_make` (
  `make_id` int NOT NULL AUTO_INCREMENT,
  `make` varchar(45) DEFAULT NULL,
  PRIMARY KEY (`make_id`)
) ENGINE=InnoDB AUTO_INCREMENT=43 DEFAULT CHARSET=utf8mb3;
/*!40101 SET character_set_client = @saved_cs_client */;

--
-- Dumping data for table `dim_make`
--

LOCK TABLES `dim_make` WRITE;
/*!40000 ALTER TABLE `dim_make` DISABLE KEYS */;
INSERT INTO `dim_make` VALUES (1,'TOYOTA'),(2,'NISSAN'),(3,'TESLA'),(4,'CHEVROLET'),(5,'HYUNDAI'),(6,'RIVIAN'),(7,'FORD'),(8,'KIA'),(9,'AUDI'),(10,'DODGE'),(11,'BMW'),(12,'VOLKSWAGEN'),(13,'MITSUBISHI'),(14,'VOLVO'),(15,'FIAT'),(16,'MAZDA'),(17,'MINI'),(18,'LINCOLN'),(19,'MERCEDES-BENZ'),(20,'PORSCHE'),(21,'JAGUAR'),(22,'LEXUS'),(23,'JEEP'),(24,'CHRYSLER'),(25,'HONDA'),(26,'GENESIS'),(27,'POLESTAR'),(28,'SUBARU'),(29,'CADILLAC'),(30,'SMART'),(31,'FISKER'),(32,'LUCID'),(33,'ACURA'),(34,'GMC'),(35,'ALFA ROMEO'),(36,'LAND ROVER'),(37,'TH!NK'),(38,'BENTLEY'),(39,'AZURE DYNAMICS'),(40,'WHEEGO ELECTRIC CARS'),(41,'ROLLS-ROYCE'),(42,'RAM');
/*!40000 ALTER TABLE `dim_make` ENABLE KEYS */;
UNLOCK TABLES;

--
-- Table structure for table `dim_model`
--

DROP TABLE IF EXISTS `dim_model`;
/*!40101 SET @saved_cs_client     = @@character_set_client */;
/*!50503 SET character_set_client = utf8mb4 */;
CREATE TABLE `dim_model` (
  `model_id` int NOT NULL AUTO_INCREMENT,
  `make_id` int NOT NULL,
  `model` varchar(45) DEFAULT NULL,
  PRIMARY KEY (`model_id`),
  KEY `fk_make_id_idx` (`make_id`),
  CONSTRAINT `fk_make_id` FOREIGN KEY (`make_id`) REFERENCES `dim_make` (`make_id`)
) ENGINE=InnoDB AUTO_INCREMENT=154 DEFAULT CHARSET=utf8mb3;
/*!40101 SET character_set_client = @saved_cs_client */;

--
-- Dumping data for table `dim_model`
--

LOCK TABLES `dim_model` WRITE;
/*!40000 ALTER TABLE `dim_model` DISABLE KEYS */;
INSERT INTO `dim_model` VALUES (1,1,'RAV4 PRIME'),(2,2,'LEAF'),(3,3,'MODEL 3'),(4,4,'BOLT EV'),(5,3,'MODEL Y'),(6,5,'SANTA FE'),(7,6,'R1T'),(8,7,'FOCUS'),(9,8,'SOUL'),(10,4,'VOLT'),(11,9,'A3'),(12,10,'HORNET'),(13,3,'MODEL S'),(14,11,'I3'),(15,8,'NIRO'),(16,12,'E-GOLF'),(17,8,'SPORTAGE'),(18,11,'X3'),(19,3,'MODEL X'),(20,11,'X5'),(21,1,'PRIUS PRIME'),(22,8,'EV6'),(23,13,'OUTLANDER'),(24,3,'CYBERTRUCK'),(25,14,'XC40'),(26,15,'500'),(27,16,'CX-90'),(28,8,'SORENTO'),(29,17,'HARDTOP'),(30,11,'I8'),(31,7,'FUSION'),(32,18,'AVIATOR'),(33,19,'GLE-CLASS'),(34,14,'XC90'),(35,20,'TAYCAN'),(36,4,'BOLT EUV'),(37,9,'Q4'),(38,7,'ESCAPE'),(39,21,'I-PACE'),(40,7,'C-MAX'),(41,22,'RX'),(42,23,'GRAND CHEROKEE'),(43,23,'WRANGLER'),(44,11,'330E'),(45,18,'CORSAIR'),(46,7,'F-150'),(47,11,'530E'),(48,24,'PACIFICA'),(49,25,'CLARITY'),(50,5,'IONIQ 5'),(51,26,'GV70'),(52,11,'IX'),(53,19,'EQE-CLASS SUV'),(54,5,'KONA'),(55,19,'EQB-CLASS'),(56,27,'PS2'),(57,12,'ID.4'),(58,28,'SOLTERRA'),(59,6,'R1S'),(60,5,'IONIQ 6'),(61,19,'EQS-CLASS SEDAN'),(62,19,'B-CLASS'),(63,4,'SPARK'),(64,7,'MUSTANG MACH-E'),(65,1,'PRIUS PLUG-IN'),(66,5,'IONIQ'),(67,1,'BZ4X'),(68,29,'LYRIQ'),(69,11,'I4'),(70,19,'EQS-CLASS SUV'),(71,9,'E-TRON'),(72,2,'ARIYA'),(73,14,'XC60'),(74,5,'TUCSON'),(75,30,'EQ FORTWO'),(76,9,'Q5 E'),(77,5,'KONA ELECTRIC'),(78,14,'C40'),(79,8,'EV9'),(80,25,'PROLOGUE'),(81,28,'CROSSTREK'),(82,26,'GV60'),(83,17,'COUNTRYMAN'),(84,8,'SOUL EV'),(85,14,'V60'),(86,9,'Q8'),(87,20,'PANAMERA'),(88,16,'MX-30'),(89,9,'E-TRON SPORTBACK'),(90,4,'BLAZER EV'),(91,19,'EQE-CLASS SEDAN'),(92,9,'E-TRON GT'),(93,11,'I5'),(94,22,'RZ'),(95,11,'I7'),(96,14,'S60'),(97,3,'ROADSTER'),(98,31,'OCEAN'),(99,8,'OPTIMA'),(100,32,'AIR'),(101,20,'CAYENNE'),(102,22,'NX'),(103,4,'EQUINOX EV'),(104,33,'ZDX'),(105,19,'GLC-CLASS'),(106,7,'TRANSIT'),(107,5,'SONATA'),(108,9,'Q5'),(109,13,'I-MIEV'),(110,29,'ELR'),(111,4,'SILVERADO EV'),(112,34,'HUMMER EV PICKUP'),(113,11,'XM'),(114,30,'FORTWO ELECTRIC DRIVE'),(115,19,'C-CLASS'),(116,35,'TONALE'),(117,11,'745E'),(118,30,'FORTWO'),(119,1,'RAV4'),(120,36,'RANGE ROVER'),(121,25,'ACCORD'),(122,9,'SQ8'),(123,11,'740E'),(124,19,'S-CLASS'),(125,9,'RS E-TRON GT'),(126,36,'RANGE ROVER SPORT'),(127,26,'G80'),(128,22,'TX'),(129,7,'RANGER'),(130,16,'CX-70'),(131,6,'EDV'),(132,14,'S90'),(133,29,'CT6'),(134,9,'A7 E'),(135,15,'500E'),(136,14,'EX40'),(137,5,'IONIQ 5 N'),(138,31,'KARMA'),(139,37,'CITY'),(140,38,'FLYING SPUR'),(141,34,''),(142,39,'TRANSIT CONNECT ELECTRIC'),(143,11,'750E'),(144,38,'BENTAYGA'),(145,20,'918'),(146,40,'WHEEGO'),(147,25,'CR-V'),(148,11,'745LE'),(149,41,'SPECTRE'),(150,9,'A8 E'),(151,4,'S-10 PICKUP'),(152,19,'ESPRINTER'),(153,42,'PROMASTER 3500');
/*!40000 ALTER TABLE `dim_model` ENABLE KEYS */;
UNLOCK TABLES;

--
-- Table structure for table `dim_range`
--

DROP TABLE IF EXISTS `dim_range`;
/*!40101 SET @saved_cs_client     = @@character_set_client */;
/*!50503 SET character_set_client = utf8mb4 */;
CREATE TABLE `dim_range` (
  `range_id` int NOT NULL AUTO_INCREMENT,
  `ev_range` int DEFAULT NULL,
  PRIMARY KEY (`range_id`)
) ENGINE=InnoDB AUTO_INCREMENT=106 DEFAULT CHARSET=utf8mb3;
/*!40101 SET character_set_client = @saved_cs_client */;

--
-- Dumping data for table `dim_range`
--

LOCK TABLES `dim_range` WRITE;
/*!40000 ALTER TABLE `dim_range` DISABLE KEYS */;
INSERT INTO `dim_range` VALUES (1,42),(2,151),(3,266),(4,84),(5,238),(6,291),(7,31),(8,0),(9,76),(10,93),(11,53),(12,16),(13,75),(14,32),(15,249),(16,215),(17,35),(18,97),(19,239),(20,83),(21,208),(22,107),(23,34),(24,17),(25,220),(26,40),(27,25),(28,22),(29,13),(30,73),(31,87),(32,259),(33,210),(34,26),(35,30),(36,322),(37,38),(38,200),(39,293),(40,150),(41,126),(42,81),(43,110),(44,114),(45,19),(46,21),(47,48),(48,203),(49,153),(50,308),(51,72),(52,234),(53,14),(54,37),(55,20),(56,28),(57,39),(58,18),(59,47),(60,258),(61,33),(62,192),(63,330),(64,8),(65,82),(66,270),(67,6),(68,29),(69,337),(70,204),(71,58),(72,23),(73,125),(74,170),(75,222),(76,289),(77,24),(78,111),(79,41),(80,12),(81,233),(82,15),(83,149),(84,27),(85,10),(86,62),(87,124),(88,265),(89,245),(90,36),(91,11),(92,68),(93,56),(94,55),(95,218),(96,103),(97,46),(98,59),(99,100),(100,9),(101,95),(102,51),(103,57),(104,74),(105,43);
/*!40000 ALTER TABLE `dim_range` ENABLE KEYS */;
UNLOCK TABLES;

--
-- Table structure for table `dim_type`
--

DROP TABLE IF EXISTS `dim_type`;
/*!40101 SET @saved_cs_client     = @@character_set_client */;
/*!50503 SET character_set_client = utf8mb4 */;
CREATE TABLE `dim_type` (
  `type_id` int NOT NULL AUTO_INCREMENT,
  `ev_type` varchar(45) DEFAULT NULL,
  PRIMARY KEY (`type_id`)
) ENGINE=InnoDB AUTO_INCREMENT=3 DEFAULT CHARSET=utf8mb3;
/*!40101 SET character_set_client = @saved_cs_client */;

--
-- Dumping data for table `dim_type`
--

LOCK TABLES `dim_type` WRITE;
/*!40000 ALTER TABLE `dim_type` DISABLE KEYS */;
INSERT INTO `dim_type` VALUES (1,'Plug-in Hybrid Electric Vehicle (PHEV)'),(2,'Battery Electric Vehicle (BEV)');
/*!40000 ALTER TABLE `dim_type` ENABLE KEYS */;
UNLOCK TABLES;

--
-- Table structure for table `dim_utility`
--

DROP TABLE IF EXISTS `dim_utility`;
/*!40101 SET @saved_cs_client     = @@character_set_client */;
/*!50503 SET character_set_client = utf8mb4 */;
CREATE TABLE `dim_utility` (
  `utility_id` int NOT NULL AUTO_INCREMENT,
  `utility_name` varchar(255) DEFAULT NULL,
  PRIMARY KEY (`utility_id`)
) ENGINE=InnoDB AUTO_INCREMENT=76 DEFAULT CHARSET=utf8mb3;
/*!40101 SET character_set_client = @saved_cs_client */;

--
-- Dumping data for table `dim_utility`
--

LOCK TABLES `dim_utility` WRITE;
/*!40000 ALTER TABLE `dim_utility` DISABLE KEYS */;
INSERT INTO `dim_utility` VALUES (1,'PUGET SOUND ENERGY INC'),(2,'CITY OF SEATTLE - (WA)|CITY OF TACOMA - (WA)'),(3,'PUGET SOUND ENERGY INC||CITY OF TACOMA - (WA)'),(4,'PACIFICORP'),(5,'MODERN ELECTRIC WATER COMPANY'),(6,'BONNEVILLE POWER ADMINISTRATION||PUD NO 1 OF CLALLAM COUNTY'),(7,'PUD NO 1 OF CHELAN COUNTY'),(8,'AVISTA CORP'),(9,'PUD NO 2 OF GRANT COUNTY'),(10,'PUD NO 1 OF DOUGLAS COUNTY'),(11,'BONNEVILLE POWER ADMINISTRATION||PUD NO 1 OF CLARK COUNTY - (WA)'),(12,'BONNEVILLE POWER ADMINISTRATION||PUD NO 1 OF COWLITZ COUNTY'),(13,'BONNEVILLE POWER ADMINISTRATION||PUGET SOUND ENERGY INC||PUD NO 1 OF JEFFERSON COUNTY'),(14,'NO KNOWN ELECTRIC UTILITY SERVICE'),(15,'BONNEVILLE POWER ADMINISTRATION||PACIFICORP||BENTON RURAL ELECTRIC ASSN'),(16,'BONNEVILLE POWER ADMINISTRATION||PUD 1 OF SNOHOMISH COUNTY'),(17,'BONNEVILLE POWER ADMINISTRATION||CITY OF PORT ANGELES - (WA)'),(18,'BONNEVILLE POWER ADMINISTRATION||PACIFICORP||PUD NO 1 OF CLARK COUNTY - (WA)'),(19,'BONNEVILLE POWER ADMINISTRATION||PUD NO 1 OF KLICKITAT COUNTY'),(20,'CITY OF TACOMA - (WA)'),(21,'BONNEVILLE POWER ADMINISTRATION||PUD NO 1 OF MASON COUNTY|PUD NO 1 OF JEFFERSON COUNTY'),(22,'CITY OF TACOMA - (WA)||TANNER ELECTRIC COOP'),(23,'CITY OF SEATTLE - (WA)'),(24,'BONNEVILLE POWER ADMINISTRATION||CITY OF TACOMA - (WA)||PENINSULA LIGHT COMPANY'),(25,'BONNEVILLE POWER ADMINISTRATION||PUD NO 1 OF FRANKLIN COUNTY'),(26,'BONNEVILLE POWER ADMINISTRATION||VERA IRRIGATION DISTRICT #15'),(27,'PUGET SOUND ENERGY INC||PUD NO 1 OF WHATCOM COUNTY'),(28,'BONNEVILLE POWER ADMINISTRATION||ORCAS POWER & LIGHT COOP'),(29,'BONNEVILLE POWER ADMINISTRATION||CITY OF TACOMA - (WA)||PARKLAND LIGHT & WATER COMPANY|PENINSULA LIGHT COMPANY'),(30,'BONNEVILLE POWER ADMINISTRATION||AVISTA CORP||INLAND POWER & LIGHT COMPANY'),(31,'BONNEVILLE POWER ADMINISTRATION||PUD NO 1 OF GRAYS HARBOR COUNTY'),(32,'CITY OF CHEWELAH'),(33,'BONNEVILLE POWER ADMINISTRATION||CITY OF RICHLAND - (WA)'),(34,'BONNEVILLE POWER ADMINISTRATION||CITY OF TACOMA - (WA)||ELMHURST MUTUAL POWER & LIGHT CO|PENINSULA LIGHT COMPANY'),(35,'BONNEVILLE POWER ADMINISTRATION||TOWN OF EATONVILLE - (WA)|CITY OF TACOMA - (WA)'),(36,'BONNEVILLE POWER ADMINISTRATION||CITY OF MILTON - (WA)|CITY OF TACOMA - (WA)'),(37,'BONNEVILLE POWER ADMINISTRATION||PUD NO 1 OF BENTON COUNTY'),(38,'BONNEVILLE POWER ADMINISTRATION||CITY OF TACOMA - (WA)||PUD NO 1 OF LEWIS COUNTY'),(39,'BONNEVILLE POWER ADMINISTRATION||INLAND POWER & LIGHT COMPANY'),(40,'BONNEVILLE POWER ADMINISTRATION||PUD NO 2 OF PACIFIC COUNTY'),(41,'BONNEVILLE POWER ADMINISTRATION||CITY OF TACOMA - (WA)||LAKEVIEW LIGHT & POWER|PENINSULA LIGHT COMPANY'),(42,'BONNEVILLE POWER ADMINISTRATION||CITY OF TACOMA - (WA)||PUD NO 3 OF MASON COUNTY'),(43,'CITY OF BLAINE - (WA)||PUD NO 1 OF WHATCOM COUNTY'),(44,'NON WASHINGTON STATE ELECTRIC UTILITY'),(45,'BONNEVILLE POWER ADMINISTRATION||CITY OF CENTRALIA - (WA)|CITY OF TACOMA - (WA)'),(46,'BONNEVILLE POWER ADMINISTRATION||TOWN OF STEILACOOM|CITY OF TACOMA - (WA)||PENINSULA LIGHT COMPANY'),(47,'BONNEVILLE POWER ADMINISTRATION||CITY OF TACOMA - (WA)||PUD NO 1 OF MASON COUNTY'),(48,'BONNEVILLE POWER ADMINISTRATION||PUD NO 1 OF WAHKIAKUM COUNTY'),(49,'BONNEVILLE POWER ADMINISTRATION||CITY OF ELLENSBURG - (WA)'),(50,'OKANOGAN COUNTY ELEC COOP, INC'),(51,'BONNEVILLE POWER ADMINISTRATION||CITY OF MCCLEARY - (WA)'),(52,'BONNEVILLE POWER ADMINISTRATION||PUD NO 1 OF SKAMANIA CO'),(53,'CITY OF CHENEY - (WA)'),(54,'BONNEVILLE POWER ADMINISTRATION||CITY OF TACOMA - (WA)||OHOP MUTUAL LIGHT COMPANY, INC|PENINSULA LIGHT COMPANY'),(55,'PUD NO 1 OF PEND OREILLE COUNTY'),(56,'PUD NO 1 OF WHATCOM COUNTY'),(57,'BONNEVILLE POWER ADMINISTRATION||CITY OF TACOMA - (WA)||BENTON RURAL ELECTRIC ASSN|PENINSULA LIGHT COMPANY'),(58,'BONNEVILLE POWER ADMINISTRATION||AVISTA CORP||PUD NO 1 OF ASOTIN COUNTY'),(59,'BONNEVILLE POWER ADMINISTRATION||AVISTA CORP||BIG BEND ELECTRIC COOP, INC'),(60,'BONNEVILLE POWER ADMINISTRATION||PUD NO 1 OF JEFFERSON COUNTY'),(61,'BONNEVILLE POWER ADMINISTRATION||BENTON RURAL ELECTRIC ASSN'),(62,'BONNEVILLE POWER ADMINISTRATION||BIG BEND ELECTRIC COOP, INC'),(63,'PUD NO 1 OF OKANOGAN COUNTY'),(64,'BONNEVILLE POWER ADMINISTRATION||PUD NO 1 OF KITTITAS COUNTY'),(65,'BONNEVILLE POWER ADMINISTRATION||CITY OF COULEE DAM - (WA)'),(66,'CITY OF SUMAS - (WA)||PUD NO 1 OF WHATCOM COUNTY'),(67,'PORTLAND GENERAL ELECTRIC CO'),(68,'BONNEVILLE POWER ADMINISTRATION||PUD NO 1 OF FERRY COUNTY'),(69,'BONNEVILLE POWER ADMINISTRATION||COLUMBIA RURAL ELEC ASSN, INC'),(70,'BONNEVILLE POWER ADMINISTRATION||PACIFICORP||COLUMBIA RURAL ELEC ASSN, INC'),(71,'BONNEVILLE POWER ADMINISTRATION||CITY OF TACOMA - (WA)||ALDER MUTUAL LIGHT CO, INC|PENINSULA LIGHT COMPANY'),(72,'BONNEVILLE POWER ADMINISTRATION||NESPELEM VALLEY ELEC COOP, INC'),(73,'BONNEVILLE POWER ADMINISTRATION||TOWN OF RUSTON - (WA)|CITY OF TACOMA - (WA)||PENINSULA LIGHT COMPANY'),(74,''),(75,'BONNEVILLE POWER ADMINISTRATION||PUD NO 1 OF ASOTIN COUNTY');
/*!40000 ALTER TABLE `dim_utility` ENABLE KEYS */;
UNLOCK TABLES;

--
-- Table structure for table `dim_year_model`
--

DROP TABLE IF EXISTS `dim_year_model`;
/*!40101 SET @saved_cs_client     = @@character_set_client */;
/*!50503 SET character_set_client = utf8mb4 */;
CREATE TABLE `dim_year_model` (
  `year_id` int NOT NULL AUTO_INCREMENT,
  `year_model` varchar(45) DEFAULT NULL,
  PRIMARY KEY (`year_id`)
) ENGINE=InnoDB AUTO_INCREMENT=23 DEFAULT CHARSET=utf8mb3;
/*!40101 SET character_set_client = @saved_cs_client */;

--
-- Dumping data for table `dim_year_model`
--

LOCK TABLES `dim_year_model` WRITE;
/*!40000 ALTER TABLE `dim_year_model` DISABLE KEYS */;
INSERT INTO `dim_year_model` VALUES (1,'2023'),(2,'2018'),(3,'2020'),(4,'2014'),(5,'2017'),(6,'2022'),(7,'2015'),(8,'2013'),(9,'2016'),(10,'2024'),(11,'2012'),(12,'2019'),(13,'2021'),(14,'2025'),(15,'2011'),(16,'2008'),(17,'2010'),(18,'2000'),(19,'2002'),(20,'1999'),(21,'2003'),(22,'1997');
/*!40000 ALTER TABLE `dim_year_model` ENABLE KEYS */;
UNLOCK TABLES;

--
-- Table structure for table `fact_ev_adoption`
--

DROP TABLE IF EXISTS `fact_ev_adoption`;
/*!40101 SET @saved_cs_client     = @@character_set_client */;
/*!50503 SET character_set_client = utf8mb4 */;
CREATE TABLE `fact_ev_adoption` (
  `adoption_id` int NOT NULL AUTO_INCREMENT,
  `make_id` int NOT NULL,
  `model_id` int NOT NULL,
  `year_id` int NOT NULL,
  `ev_type` int NOT NULL,
  `range_id` int NOT NULL,
  `vehicle_count` int NOT NULL,
  PRIMARY KEY (`adoption_id`),
  KEY `fk1_make_id_idx` (`make_id`),
  KEY `fk_model_id_idx` (`model_id`),
  KEY `fk_year_id_idx` (`year_id`),
  KEY `fk_ev_type_idx` (`ev_type`),
  KEY `fk_range_id_idx` (`range_id`),
  CONSTRAINT `fk1_make_id` FOREIGN KEY (`make_id`) REFERENCES `dim_make` (`make_id`),
  CONSTRAINT `fk_ev_type` FOREIGN KEY (`ev_type`) REFERENCES `dim_type` (`type_id`),
  CONSTRAINT `fk_model_id` FOREIGN KEY (`model_id`) REFERENCES `dim_model` (`model_id`),
  CONSTRAINT `fk_range_id` FOREIGN KEY (`range_id`) REFERENCES `dim_range` (`range_id`),
  CONSTRAINT `fk_year_id` FOREIGN KEY (`year_id`) REFERENCES `dim_year_model` (`year_id`)
) ENGINE=InnoDB AUTO_INCREMENT=595 DEFAULT CHARSET=utf8mb3;
/*!40101 SET character_set_client = @saved_cs_client */;

--
-- Dumping data for table `fact_ev_adoption`
--

LOCK TABLES `fact_ev_adoption` WRITE;
/*!40000 ALTER TABLE `fact_ev_adoption` DISABLE KEYS */;
INSERT INTO `fact_ev_adoption` VALUES (2,1,1,1,1,1,683),(3,1,1,6,1,1,408),(4,1,1,10,1,1,1118),(5,1,1,13,1,1,845),(6,1,21,1,1,57,90),(7,1,21,2,1,27,673),(8,1,21,3,1,27,373),(9,1,21,5,1,27,910),(10,1,21,6,1,27,209),(11,1,21,10,1,57,273),(12,1,21,12,1,27,222),(13,1,21,13,1,27,286),(14,1,65,4,1,67,194),(15,1,65,7,1,67,102),(16,1,65,8,1,67,274),(17,1,65,11,1,67,375),(18,1,67,1,2,8,378),(19,1,67,10,2,8,480),(20,1,119,4,2,96,27),(21,1,119,8,2,96,13),(22,1,119,11,2,96,9),(23,1,119,19,2,101,2),(24,1,119,21,2,101,1),(25,2,2,1,2,8,741),(26,2,2,2,2,2,1184),(27,2,2,3,2,8,66),(28,2,2,3,2,16,271),(29,2,2,3,2,83,372),(30,2,2,4,2,4,632),(31,2,2,5,2,22,882),(32,2,2,6,2,8,1150),(33,2,2,7,2,4,1761),(34,2,2,8,2,13,1827),(35,2,2,9,2,4,1094),(36,2,2,10,2,8,299),(37,2,2,11,2,30,521),(38,2,2,12,2,40,1361),(39,2,2,13,2,8,685),(40,2,2,14,2,8,20),(41,2,2,15,2,30,622),(42,2,72,1,2,8,792),(43,2,72,10,2,8,245),(44,3,3,1,2,8,7374),(45,3,3,2,2,16,6155),(46,3,3,3,2,3,1452),(47,3,3,3,2,36,1762),(48,3,3,3,2,50,507),(49,3,3,5,2,25,69),(50,3,3,6,2,8,4988),(51,3,3,10,2,8,2015),(52,3,3,12,2,25,3914),(53,3,3,13,2,8,3877),(54,3,5,1,2,8,18824),(55,3,5,3,2,6,2313),(56,3,5,6,2,8,7437),(57,3,5,10,2,8,8030),(58,3,5,13,2,8,6833),(59,3,13,1,2,8,558),(60,3,13,2,2,15,913),(61,3,13,3,2,63,337),(62,3,13,3,2,69,86),(63,3,13,4,2,21,633),(64,3,13,5,2,33,929),(65,3,13,6,2,8,680),(66,3,13,7,2,21,1031),(67,3,13,8,2,21,726),(68,3,13,9,2,33,946),(69,3,13,10,2,8,166),(70,3,13,11,2,88,128),(71,3,13,12,2,66,270),(72,3,13,13,2,8,478),(73,3,19,1,2,8,1441),(74,3,19,2,2,5,899),(75,3,19,3,2,39,463),(76,3,19,3,2,76,233),(77,3,19,5,2,38,667),(78,3,19,6,2,8,803),(79,3,19,9,2,38,658),(80,3,19,10,2,8,478),(81,3,19,12,2,76,422),(82,3,19,13,2,8,185),(83,3,24,10,2,8,589),(84,3,97,15,2,89,6),(85,3,97,16,2,8,1),(86,3,97,16,2,25,21),(87,3,97,17,2,89,21),(88,4,4,1,2,8,1184),(89,4,4,2,2,5,531),(90,4,4,3,2,32,1530),(91,4,4,5,2,5,1475),(92,4,4,6,2,8,328),(93,4,4,12,2,5,1102),(94,4,4,13,2,8,577),(95,4,10,2,1,11,736),(96,4,10,4,1,37,673),(97,4,10,5,1,11,1416),(98,4,10,7,1,37,361),(99,4,10,8,1,37,777),(100,4,10,9,1,11,225),(101,4,10,11,1,17,452),(102,4,10,12,1,11,119),(103,4,10,15,1,17,70),(104,4,36,1,2,8,2037),(105,4,36,6,2,8,728),(106,4,63,4,2,65,59),(107,4,63,7,2,65,103),(108,4,63,9,2,65,85),(109,4,90,10,2,8,282),(110,4,103,10,2,8,102),(111,4,111,10,2,8,161),(112,4,151,22,2,57,1),(113,5,6,1,1,35,157),(114,5,6,6,1,7,76),(115,5,50,1,2,8,1865),(116,5,50,6,2,8,423),(117,5,50,10,2,8,824),(118,5,54,3,2,60,180),(119,5,54,12,2,60,48),(120,5,60,1,2,8,269),(121,5,60,10,2,8,211),(122,5,66,2,1,68,16),(123,5,66,2,2,87,4),(124,5,66,3,1,68,44),(125,5,66,3,2,74,70),(126,5,66,5,2,87,15),(127,5,66,6,1,68,16),(128,5,66,12,1,68,58),(129,5,66,12,2,68,8),(130,5,66,12,2,87,15),(131,5,66,13,1,68,21),(132,5,66,13,2,8,19),(133,5,74,1,1,61,100),(134,5,74,6,1,61,49),(135,5,74,10,1,61,264),(136,5,77,1,2,8,394),(137,5,77,6,2,8,114),(138,5,77,10,2,8,210),(139,5,77,13,2,8,220),(140,5,77,14,2,8,1),(141,5,107,5,1,84,29),(142,5,107,9,1,84,42),(143,5,107,12,1,56,6),(144,5,137,14,2,8,14),(145,6,7,1,2,8,906),(146,6,7,6,2,8,885),(147,6,7,10,2,8,219),(148,6,59,1,2,8,1693),(149,6,59,6,2,8,183),(150,6,59,10,2,8,975),(151,6,59,14,2,8,75),(152,6,131,1,2,8,293),(153,6,131,6,2,8,243),(154,6,131,10,2,8,207),(155,7,8,2,2,99,7),(156,7,8,4,2,9,58),(157,7,8,5,2,99,25),(158,7,8,7,2,9,35),(159,7,8,8,2,9,64),(160,7,8,9,2,9,32),(161,7,8,11,2,9,11),(162,7,31,2,1,46,162),(163,7,31,3,1,34,78),(164,7,31,4,1,45,268),(165,7,31,5,1,46,341),(166,7,31,7,1,45,220),(167,7,31,8,1,45,167),(168,7,31,9,1,45,392),(169,7,31,12,1,34,152),(170,7,38,1,1,54,135),(171,7,38,6,1,37,229),(172,7,38,10,1,54,41),(173,7,38,13,1,37,61),(174,7,40,4,1,45,272),(175,7,40,5,1,55,263),(176,7,40,7,1,45,269),(177,7,40,8,1,45,348),(178,7,40,9,1,45,318),(179,7,46,1,2,8,1718),(180,7,46,6,2,8,349),(181,7,46,10,2,8,204),(182,7,64,1,2,8,2030),(183,7,64,6,2,8,1046),(184,7,64,10,2,8,197),(185,7,64,13,2,8,881),(186,7,106,1,2,8,316),(187,7,106,6,2,8,136),(188,7,106,10,2,8,4),(189,7,129,18,2,71,7),(190,7,129,20,2,104,4),(191,8,9,7,2,10,20),(192,8,9,9,2,10,365),(193,8,15,1,1,61,286),(194,8,15,1,2,8,547),(195,8,15,2,1,34,192),(196,8,15,3,1,34,109),(197,8,15,3,2,19,457),(198,8,15,6,1,34,158),(199,8,15,6,2,8,573),(200,8,15,10,1,61,146),(201,8,15,10,2,8,414),(202,8,15,12,1,34,242),(203,8,15,12,2,19,437),(204,8,15,13,1,34,28),(205,8,15,13,2,8,43),(206,8,17,1,1,23,538),(207,8,17,10,1,23,256),(208,8,22,1,2,8,1001),(209,8,22,6,2,8,1006),(210,8,22,10,2,8,607),(211,8,28,1,1,14,240),(212,8,28,6,1,14,329),(213,8,28,10,1,14,72),(214,8,28,14,1,35,25),(215,8,79,10,2,8,696),(216,8,84,2,2,78,71),(217,8,84,5,2,10,138),(218,8,84,12,2,8,3),(219,8,99,2,1,68,36),(220,8,99,3,1,56,13),(221,8,99,5,1,68,54),(222,8,99,12,1,68,2),(223,9,11,2,1,12,165),(224,9,11,5,1,12,188),(225,9,11,9,1,12,214),(226,9,37,1,2,8,366),(227,9,37,6,2,8,84),(228,9,71,1,2,8,118),(229,9,71,6,2,8,244),(230,9,71,12,2,70,524),(231,9,71,13,2,8,44),(232,9,71,13,2,75,136),(233,9,76,1,1,72,147),(234,9,76,3,1,55,217),(235,9,76,10,1,72,201),(236,9,76,13,1,45,11),(237,9,76,13,1,58,319),(238,9,86,10,2,8,411),(239,9,89,3,2,95,26),(240,9,89,6,2,8,75),(241,9,89,13,2,8,25),(242,9,89,13,2,95,47),(243,9,92,1,2,8,52),(244,9,92,6,2,8,73),(245,9,92,10,2,8,21),(246,9,108,6,1,28,54),(247,9,108,6,1,72,86),(248,9,122,10,2,8,15),(249,9,125,1,2,8,15),(250,9,125,6,2,8,21),(251,9,125,10,2,8,7),(252,9,134,13,1,77,10),(253,9,150,3,1,24,2),(254,10,12,10,1,14,665),(255,11,14,2,1,18,135),(256,11,14,2,2,44,103),(257,11,14,3,1,41,51),(258,11,14,3,2,49,35),(259,11,14,4,1,51,280),(260,11,14,4,2,42,131),(261,11,14,5,1,18,297),(262,11,14,5,2,42,105),(263,11,14,7,1,51,264),(264,11,14,7,2,42,95),(265,11,14,9,1,51,159),(266,11,14,9,2,42,25),(267,11,14,12,1,41,130),(268,11,14,12,2,49,73),(269,11,14,13,1,41,5),(270,11,14,13,1,49,6),(271,11,14,13,2,8,35),(272,11,18,3,1,24,89),(273,11,18,13,1,24,236),(274,11,20,1,1,35,567),(275,11,20,2,1,29,173),(276,11,20,5,1,53,174),(277,11,20,6,1,35,597),(278,11,20,9,1,53,163),(279,11,20,10,1,57,479),(280,11,20,13,1,35,328),(281,11,20,14,1,26,116),(282,11,30,4,1,53,11),(283,11,30,5,1,53,6),(284,11,30,7,1,53,30),(285,11,30,9,1,53,18),(286,11,30,12,1,24,18),(287,11,30,12,1,58,5),(288,11,44,1,1,28,16),(289,11,44,1,1,55,104),(290,11,44,2,1,53,81),(291,11,44,5,1,53,99),(292,11,44,6,1,28,73),(293,11,44,9,1,53,9),(294,11,44,10,1,28,2),(295,11,44,10,1,55,39),(296,11,44,13,1,28,19),(297,11,44,13,1,55,54),(298,11,47,1,1,46,3),(299,11,47,1,1,58,58),(300,11,47,2,1,12,72),(301,11,47,2,1,53,124),(302,11,47,3,1,55,5),(303,11,47,3,1,58,11),(304,11,47,6,1,46,3),(305,11,47,6,1,58,30),(306,11,47,12,1,12,39),(307,11,47,12,1,82,54),(308,11,47,13,1,46,10),(309,11,47,13,1,58,22),(310,11,52,1,2,8,283),(311,11,52,6,2,8,132),(312,11,52,10,2,8,590),(313,11,52,14,2,8,34),(314,11,69,1,2,8,656),(315,11,69,6,2,8,106),(316,11,69,10,2,8,578),(317,11,93,10,2,8,125),(318,11,93,14,2,8,6),(319,11,95,1,2,8,20),(320,11,95,10,2,8,28),(321,11,113,10,1,7,13),(322,11,117,3,1,12,11),(323,11,117,13,1,12,1),(324,11,123,2,1,53,16),(325,11,123,5,1,53,8),(326,11,123,12,1,53,4),(327,11,143,10,1,90,2),(328,11,148,6,1,12,2),(329,12,16,2,2,73,40),(330,12,16,5,2,73,59),(331,12,16,7,2,20,124),(332,12,16,9,2,20,327),(333,12,16,12,2,73,524),(334,12,57,1,2,8,2582),(335,12,57,6,2,8,710),(336,12,57,10,2,8,285),(337,12,57,13,2,8,987),(338,13,23,1,1,37,364),(339,13,23,2,1,28,183),(340,13,23,3,1,28,98),(341,13,23,6,1,77,90),(342,13,23,10,1,37,51),(343,13,23,12,1,28,168),(344,13,23,13,1,77,6),(345,13,109,4,2,86,8),(346,13,109,5,2,98,1),(347,13,109,9,2,86,9),(348,13,109,11,2,86,40),(349,14,25,1,2,8,463),(350,14,25,6,2,8,255),(351,14,25,10,2,8,129),(352,14,25,13,2,8,271),(353,14,34,1,1,14,269),(354,14,34,2,1,45,86),(355,14,34,3,1,58,97),(356,14,34,5,1,53,114),(357,14,34,6,1,17,187),(358,14,34,6,1,58,170),(359,14,34,9,1,29,108),(360,14,34,10,1,14,276),(361,14,34,12,1,24,69),(362,14,34,13,1,58,316),(363,14,34,14,1,14,3),(364,14,73,1,1,17,241),(365,14,73,2,1,24,129),(366,14,73,3,1,45,34),(367,14,73,3,1,58,55),(368,14,73,6,1,14,1),(369,14,73,6,1,17,120),(370,14,73,6,1,58,132),(371,14,73,10,1,17,311),(372,14,73,12,1,24,112),(373,14,73,13,1,58,172),(374,14,73,14,1,17,19),(375,14,78,1,2,8,304),(376,14,78,6,2,8,130),(377,14,78,10,2,8,22),(378,14,85,1,1,79,10),(379,14,85,3,1,28,4),(380,14,85,6,1,28,2),(381,14,85,6,1,79,3),(382,14,85,10,1,79,45),(383,14,85,13,1,28,5),(384,14,85,14,1,79,4),(385,14,96,1,1,79,29),(386,14,96,3,1,28,11),(387,14,96,6,1,28,30),(388,14,96,6,1,79,18),(389,14,96,10,1,79,32),(390,14,96,12,1,28,9),(391,14,96,13,1,28,37),(392,14,96,14,1,79,2),(393,14,132,1,1,37,2),(394,14,132,2,1,46,21),(395,14,132,3,1,46,4),(396,14,132,10,1,37,6),(397,14,132,12,1,46,5),(398,14,136,14,2,8,3),(399,15,26,2,2,4,55),(400,15,26,4,2,31,89),(401,15,26,5,2,4,152),(402,15,26,7,2,31,228),(403,15,26,8,2,31,105),(404,15,26,9,2,4,136),(405,15,26,12,2,4,15),(406,15,135,10,2,8,19),(407,16,27,10,1,34,678),(408,16,88,1,2,8,2),(409,16,88,6,2,8,8),(410,16,130,14,1,34,23),(411,17,29,1,2,8,205),(412,17,29,3,2,8,16),(413,17,29,6,2,8,219),(414,17,29,10,2,8,239),(415,17,29,13,2,43,123),(416,17,83,1,1,24,27),(417,17,83,2,1,80,52),(418,17,83,3,1,24,2),(419,17,83,6,1,24,18),(420,17,83,12,1,80,103),(421,17,83,13,1,24,11),(422,18,32,1,1,46,58),(423,18,32,3,1,46,41),(424,18,32,6,1,46,40),(425,18,32,13,1,46,44),(426,18,45,1,1,56,27),(427,18,45,6,1,56,71),(428,18,45,10,1,56,14),(429,18,45,13,1,56,4),(430,19,33,2,1,64,24),(431,19,33,5,1,85,10),(432,19,33,9,1,85,11),(433,19,33,10,1,47,136),(434,19,53,1,2,8,304),(435,19,53,10,2,8,66),(436,19,55,1,2,8,318),(437,19,55,6,2,8,56),(438,19,55,10,2,8,24),(439,19,61,1,2,8,104),(440,19,61,6,2,8,105),(441,19,61,10,2,8,15),(442,19,62,4,2,31,26),(443,19,62,5,2,31,21),(444,19,62,7,2,31,20),(445,19,62,9,2,31,21),(446,19,70,1,2,8,259),(447,19,70,10,2,8,21),(448,19,91,1,2,8,99),(449,19,91,10,2,8,44),(450,19,105,2,1,100,21),(451,19,105,3,1,28,37),(452,19,105,12,1,85,146),(453,19,115,2,1,64,9),(454,19,115,5,1,64,5),(455,19,115,9,1,91,4),(456,19,124,5,1,80,7),(457,19,124,7,1,53,2),(458,19,124,9,1,53,2),(459,19,124,10,1,8,8),(460,19,124,10,1,97,4),(461,19,152,10,2,8,1),(462,20,35,1,2,8,138),(463,20,35,3,2,48,75),(464,20,35,3,2,62,64),(465,20,35,6,2,8,185),(466,20,35,10,2,8,83),(467,20,35,13,2,8,64),(468,20,35,13,2,48,60),(469,20,35,13,2,62,30),(470,20,35,14,2,8,8),(471,20,87,1,1,58,14),(472,20,87,2,1,12,42),(473,20,87,2,1,53,14),(474,20,87,3,1,53,9),(475,20,87,4,1,82,8),(476,20,87,6,1,45,6),(477,20,87,6,1,58,3),(478,20,87,7,1,82,16),(479,20,87,9,1,82,10),(480,20,87,12,1,53,9),(481,20,87,13,1,24,1),(482,20,87,13,1,58,6),(483,20,101,1,1,24,20),(484,20,101,1,1,53,14),(485,20,101,2,1,53,27),(486,20,101,3,1,53,27),(487,20,101,3,1,80,3),(488,20,101,5,1,53,74),(489,20,101,6,1,12,22),(490,20,101,6,1,53,7),(491,20,101,6,1,82,1),(492,20,101,7,1,53,14),(493,20,101,9,1,53,60),(494,20,101,10,1,93,19),(495,20,101,10,1,94,4),(496,20,101,10,1,105,1),(497,20,101,12,1,29,67),(498,20,101,13,1,12,26),(499,20,145,7,1,80,1),(500,21,39,1,2,8,6),(501,21,39,3,2,52,90),(502,21,39,6,2,8,18),(503,21,39,10,2,8,8),(504,21,39,12,2,52,121),(505,22,41,10,1,54,93),(506,22,94,1,2,8,214),(507,22,94,10,2,8,131),(508,22,102,1,1,54,24),(509,22,102,6,1,54,52),(510,22,102,10,1,54,169),(511,22,102,14,1,54,60),(512,22,128,10,1,61,11),(513,23,42,1,1,27,675),(514,23,42,6,1,27,311),(515,23,42,10,1,27,380),(516,23,43,1,1,46,1495),(517,23,43,6,1,28,171),(518,23,43,6,1,46,293),(519,23,43,10,1,46,1470),(520,23,43,13,1,27,390),(521,23,43,13,1,46,228),(522,24,48,1,1,14,1250),(523,24,48,2,1,61,559),(524,24,48,3,1,14,281),(525,24,48,5,1,61,94),(526,24,48,6,1,14,409),(527,24,48,10,1,14,462),(528,24,48,12,1,14,116),(529,24,48,13,1,14,522),(530,25,49,2,1,59,624),(531,25,49,3,1,59,92),(532,25,49,12,1,59,105),(533,25,49,13,1,47,7),(534,25,49,13,1,59,19),(535,25,80,10,2,8,215),(536,25,121,4,1,29,11),(537,25,147,8,2,8,5),(538,26,51,1,2,8,16),(539,26,51,10,2,8,51),(540,26,51,14,2,8,1),(541,26,82,1,2,8,143),(542,26,82,10,2,8,39),(543,26,127,1,2,8,14),(544,26,127,10,2,8,2),(545,27,56,1,2,8,275),(546,27,56,6,2,8,389),(547,27,56,10,2,8,347),(548,27,56,13,2,81,151),(549,28,58,1,2,8,807),(550,28,58,10,2,8,367),(551,28,81,12,1,24,64),(552,29,68,1,2,8,60),(553,29,68,10,2,8,597),(554,29,110,4,1,54,59),(555,29,110,9,1,26,14),(556,29,110,9,1,90,4),(557,29,133,2,1,7,8),(558,29,133,5,1,7,3),(559,30,75,2,2,71,44),(560,30,75,12,2,8,1),(561,30,75,12,2,71,10),(562,30,114,4,2,71,65),(563,30,114,4,2,92,3),(564,30,114,7,2,92,45),(565,30,114,8,2,92,25),(566,30,118,5,2,71,30),(567,30,118,5,2,103,2),(568,30,118,9,2,92,23),(569,31,98,1,2,8,173),(570,31,138,11,1,61,13),(571,32,100,1,2,8,152),(572,32,100,6,2,8,105),(573,32,100,10,2,8,32),(574,33,104,10,2,8,32),(575,34,112,10,2,8,34),(576,34,141,14,2,8,1),(577,35,116,10,1,61,77),(578,36,120,1,1,102,4),(579,36,120,3,1,45,11),(580,36,120,10,1,98,7),(581,36,120,13,1,45,3),(582,36,126,1,1,45,4),(583,36,126,3,1,45,27),(584,36,126,10,1,98,7),(585,36,126,13,1,45,6),(586,37,139,15,2,99,5),(587,38,140,6,1,46,2),(588,38,144,1,1,72,1),(589,38,144,10,1,56,1),(590,38,144,13,1,24,1),(591,39,142,15,2,93,4),(592,40,146,17,1,99,3),(593,41,149,10,2,8,2),(594,42,153,10,2,8,2);
/*!40000 ALTER TABLE `fact_ev_adoption` ENABLE KEYS */;
UNLOCK TABLES;

--
-- Table structure for table `fact_location_adoption`
--

DROP TABLE IF EXISTS `fact_location_adoption`;
/*!40101 SET @saved_cs_client     = @@character_set_client */;
/*!50503 SET character_set_client = utf8mb4 */;
CREATE TABLE `fact_location_adoption` (
  `location_adoption_id` int NOT NULL AUTO_INCREMENT,
  `location_id` int NOT NULL,
  `ev_type` int NOT NULL,
  `vehicle_count` int NOT NULL,
  PRIMARY KEY (`location_adoption_id`),
  KEY `fk2_location_id_idx` (`location_id`),
  KEY `fk3_type_id_idx` (`ev_type`),
  CONSTRAINT `fk2_location_id` FOREIGN KEY (`location_id`) REFERENCES `dim_location` (`location_id`),
  CONSTRAINT `fk3_type_id` FOREIGN KEY (`ev_type`) REFERENCES `dim_type` (`type_id`)
) ENGINE=InnoDB AUTO_INCREMENT=2048 DEFAULT CHARSET=utf8mb3;
/*!40101 SET character_set_client = @saved_cs_client */;

--
-- Dumping data for table `fact_location_adoption`
--

LOCK TABLES `fact_location_adoption` WRITE;
/*!40000 ALTER TABLE `fact_location_adoption` DISABLE KEYS */;
INSERT INTO `fact_location_adoption` VALUES (1,1,1,34),(2,2,2,583),(3,3,2,597),(4,4,2,1244),(5,5,2,259),(6,6,2,904),(7,7,1,224),(8,8,2,494),(9,9,2,942),(10,10,2,2206),(11,11,2,87),(12,12,2,357),(13,13,2,253),(14,14,1,6),(15,15,1,431),(16,16,2,1112),(17,17,1,96),(18,18,2,1389),(19,19,2,555),(20,20,1,145),(21,21,1,204),(22,22,2,1368),(23,23,2,127),(24,24,2,1404),(25,25,2,80),(26,26,2,33),(27,27,2,2716),(28,28,2,2002),(29,29,2,226),(30,2,1,180),(31,30,2,766),(32,31,2,312),(33,32,2,1183),(34,33,2,1892),(35,34,2,517),(36,35,1,277),(37,23,1,64),(38,36,2,205),(39,37,2,416),(40,38,1,137),(41,24,1,395),(42,39,2,1091),(43,40,2,63),(44,41,2,4529),(45,7,2,615),(46,42,2,1471),(47,43,2,558),(48,44,2,796),(49,45,2,217),(50,15,2,1586),(51,46,2,2447),(52,47,2,1109),(53,48,2,386),(54,49,2,1467),(55,50,2,662),(56,17,2,287),(57,30,1,256),(58,51,1,350),(59,52,2,431),(60,53,1,148),(61,54,2,975),(62,55,2,352),(63,56,1,208),(64,21,2,692),(65,57,1,44),(66,58,2,654),(67,59,2,847),(68,27,1,346),(69,53,2,758),(70,60,1,9),(71,61,1,359),(72,62,2,411),(73,63,2,623),(74,64,2,1089),(75,65,2,461),(76,66,2,15),(77,67,2,72),(78,59,1,225),(79,67,1,30),(80,68,1,22),(81,69,1,91),(82,56,2,572),(83,70,2,54),(84,60,2,27),(85,71,2,225),(86,72,2,256),(87,73,2,207),(88,74,2,771),(89,75,2,203),(90,22,1,283),(91,76,2,78),(92,77,2,1077),(93,78,1,9),(94,77,1,264),(95,57,2,118),(96,79,1,101),(97,80,1,38),(98,64,1,226),(99,81,2,210),(100,82,2,302),(101,83,2,566),(102,84,2,290),(103,85,1,138),(104,63,1,203),(105,86,2,336),(106,87,2,129),(107,49,1,482),(108,88,2,7),(109,89,2,408),(110,74,1,128),(111,90,2,16),(112,75,1,103),(113,91,1,37),(114,92,2,733),(115,89,1,111),(116,93,2,281),(117,94,2,7),(118,95,1,12),(119,96,2,2831),(120,20,2,419),(121,97,2,2049),(122,98,2,2486),(123,41,1,663),(124,99,2,55),(125,100,1,190),(126,101,2,932),(127,102,2,506),(128,42,1,229),(129,103,2,164),(130,104,2,456),(131,105,2,1309),(132,106,1,1816),(133,107,2,361),(134,108,2,1094),(135,109,2,248),(136,51,2,1280),(137,110,2,1197),(138,111,2,886),(139,3,1,97),(140,112,2,318),(141,82,1,88),(142,96,1,508),(143,113,2,2783),(144,114,2,610),(145,115,2,386),(146,116,1,121),(147,117,2,801),(148,118,1,232),(149,119,2,455),(150,120,2,500),(151,121,2,649),(152,122,1,62),(153,123,2,512),(154,124,2,567),(155,125,2,2224),(156,110,1,235),(157,126,2,1266),(158,127,1,203),(159,128,2,92),(160,129,2,337),(161,83,1,139),(162,104,1,136),(163,130,1,464),(164,131,2,674),(165,132,2,548),(166,84,1,96),(167,133,2,1450),(168,134,2,856),(169,135,1,207),(170,101,1,154),(171,136,2,718),(172,4,1,337),(173,137,2,547),(174,127,2,988),(175,138,2,653),(176,113,1,454),(177,139,2,317),(178,32,1,282),(179,112,1,134),(180,140,2,1989),(181,141,2,50),(182,142,2,35),(183,143,2,437),(184,144,2,530),(185,145,2,196),(186,9,1,195),(187,135,2,488),(188,130,2,2131),(189,105,1,213),(190,146,2,1315),(191,147,2,617),(192,10,1,428),(193,148,2,34),(194,149,1,142),(195,150,2,809),(196,120,1,176),(197,108,1,222),(198,125,1,332),(199,151,2,794),(200,43,1,148),(201,111,1,314),(202,152,2,152),(203,140,1,403),(204,145,1,37),(205,153,1,4),(206,13,1,123),(207,154,2,514),(208,54,1,207),(209,155,2,524),(210,131,1,187),(211,134,1,248),(212,106,2,874),(213,156,1,149),(214,16,1,164),(215,118,2,675),(216,157,2,548),(217,158,1,49),(218,159,2,546),(219,116,2,285),(220,160,2,78),(221,161,2,133),(222,61,2,1289),(223,98,1,341),(224,162,2,255),(225,119,1,177),(226,163,2,398),(227,37,1,160),(228,25,1,29),(229,164,2,1438),(230,165,2,315),(231,159,1,107),(232,1,2,73),(233,44,1,222),(234,166,2,1003),(235,155,1,138),(236,46,1,620),(237,167,2,615),(238,168,2,398),(239,169,2,274),(240,144,1,117),(241,170,2,564),(242,35,2,1112),(243,97,1,297),(244,171,1,10),(245,5,1,87),(246,158,2,358),(247,172,1,23),(248,107,1,98),(249,11,1,21),(250,173,2,734),(251,174,2,220),(252,175,2,1493),(253,176,2,625),(254,177,2,202),(255,178,2,76),(256,109,1,67),(257,179,2,4),(258,164,1,246),(259,180,2,4),(260,181,2,378),(261,182,2,367),(262,169,1,97),(263,39,1,302),(264,183,2,99),(265,184,2,425),(266,153,2,50),(267,146,1,235),(268,19,1,104),(269,33,1,543),(270,58,1,129),(271,143,1,195),(272,185,2,20),(273,186,1,110),(274,157,1,200),(275,187,2,46),(276,173,1,147),(277,29,1,76),(278,150,1,131),(279,188,1,104),(280,139,1,878),(281,133,1,390),(282,128,1,20),(283,188,2,270),(284,189,2,43),(285,103,1,68),(286,132,1,123),(287,163,1,63),(288,190,2,570),(289,191,1,177),(290,182,1,48),(291,192,2,46),(292,193,2,88),(293,194,2,114),(294,175,1,262),(295,160,1,19),(296,186,2,235),(297,114,1,147),(298,154,1,167),(299,149,2,685),(300,115,1,139),(301,191,2,409),(302,34,1,183),(303,124,1,109),(304,165,1,42),(305,48,1,179),(306,170,1,142),(307,195,2,214),(308,172,2,44),(309,181,1,75),(310,18,1,279),(311,174,1,53),(312,168,1,160),(313,122,2,208),(314,102,1,62),(315,38,2,383),(316,161,1,56),(317,8,1,146),(318,196,2,33),(319,197,2,672),(320,36,1,74),(321,45,1,78),(322,137,1,10),(323,147,1,209),(324,6,1,143),(325,176,1,135),(326,197,1,141),(327,198,2,8),(328,80,2,105),(329,199,2,49),(330,177,1,61),(331,136,1,161),(332,66,1,5),(333,194,1,46),(334,162,1,91),(335,187,1,11),(336,52,1,99),(337,200,2,14),(338,201,1,37),(339,202,2,721),(340,203,2,35),(341,47,1,241),(342,204,2,20),(343,121,1,149),(344,152,1,54),(345,205,2,21),(346,100,2,320),(347,199,1,19),(348,55,1,106),(349,201,2,320),(350,117,1,195),(351,148,1,3),(352,178,1,31),(353,206,2,62),(354,31,1,114),(355,166,1,289),(356,203,1,7),(357,138,1,214),(358,207,1,21),(359,208,2,327),(360,209,2,58),(361,184,1,109),(362,196,1,7),(363,207,2,38),(364,210,2,43),(365,189,1,11),(366,211,1,5),(367,190,1,121),(368,205,1,7),(369,212,1,34),(370,151,1,142),(371,212,2,134),(372,195,1,70),(373,213,2,79),(374,156,2,432),(375,214,2,51),(376,65,1,204),(377,129,1,87),(378,28,1,315),(379,99,1,20),(380,215,2,43),(381,126,1,146),(382,193,1,37),(383,216,2,10),(384,217,1,4),(385,209,1,23),(386,183,1,34),(387,218,1,13),(388,142,1,14),(389,204,1,9),(390,217,2,8),(391,62,1,95),(392,219,2,126),(393,202,1,195),(394,220,1,104),(395,171,2,14),(396,221,2,93),(397,92,1,185),(398,222,2,162),(399,223,2,18),(400,224,2,7),(401,123,1,46),(402,225,2,1),(403,210,1,11),(404,85,2,520),(405,226,2,7),(406,79,2,373),(407,221,1,21),(408,220,2,391),(409,141,1,16),(410,227,1,205),(411,214,1,16),(412,218,2,45),(413,228,2,1391),(414,192,1,12),(415,229,2,9),(416,230,2,8),(417,231,1,20),(418,232,2,26),(419,227,2,888),(420,233,1,30),(421,234,2,491),(422,235,2,670),(423,236,2,149),(424,237,2,82),(425,238,2,855),(426,239,1,91),(427,240,1,154),(428,241,1,76),(429,242,2,132),(430,243,2,185),(431,244,1,198),(432,245,2,14),(433,246,2,33),(434,247,2,200),(435,248,2,91),(436,249,2,170),(437,250,1,7),(438,243,1,59),(439,12,1,132),(440,251,2,172),(441,252,2,98),(442,167,1,107),(443,253,2,72),(444,254,1,32),(445,240,2,810),(446,234,1,174),(447,255,1,272),(448,256,2,173),(449,244,2,420),(450,228,1,337),(451,257,2,222),(452,258,1,74),(453,259,1,40),(454,215,1,8),(455,260,2,100),(456,261,2,947),(457,262,2,14),(458,263,2,277),(459,263,1,92),(460,264,2,305),(461,265,2,528),(462,86,1,126),(463,266,2,522),(464,267,1,27),(465,268,2,83),(466,269,2,321),(467,270,2,33),(468,255,2,880),(469,252,1,48),(470,71,1,56),(471,271,2,54),(472,272,2,46),(473,273,1,266),(474,274,1,42),(475,275,1,26),(476,276,2,180),(477,277,1,131),(478,278,2,867),(479,279,2,1684),(480,280,2,90),(481,281,2,29),(482,282,2,212),(483,283,2,4),(484,284,2,217),(485,285,2,23),(486,286,2,195),(487,287,2,285),(488,277,2,274),(489,288,1,109),(490,289,2,228),(491,241,2,229),(492,239,2,385),(493,290,2,354),(494,291,2,543),(495,292,2,76),(496,275,2,100),(497,293,2,265),(498,294,2,405),(499,254,2,145),(500,295,1,5),(501,296,2,71),(502,206,1,15),(503,297,2,220),(504,298,2,160),(505,299,2,232),(506,300,1,25),(507,267,2,96),(508,301,2,147),(509,302,2,238),(510,303,2,68),(511,304,2,53),(512,305,2,356),(513,238,1,343),(514,306,1,49),(515,307,1,20),(516,256,1,49),(517,93,1,70),(518,73,1,58),(519,308,2,41),(520,309,2,145),(521,310,2,164),(522,311,2,350),(523,274,2,105),(524,312,2,86),(525,233,2,126),(526,313,2,128),(527,314,2,377),(528,26,1,6),(529,311,1,100),(530,292,1,46),(531,264,1,113),(532,315,1,18),(533,316,1,2),(534,317,2,351),(535,305,1,130),(536,306,2,122),(537,261,1,230),(538,318,2,1),(539,69,2,297),(540,302,1,64),(541,319,2,53),(542,291,1,208),(543,320,2,14),(544,321,2,84),(545,322,2,54),(546,323,2,150),(547,324,2,137),(548,281,1,19),(549,247,1,65),(550,324,1,220),(551,284,1,50),(552,325,2,200),(553,326,2,119),(554,50,1,210),(555,325,1,66),(556,322,1,21),(557,327,1,8),(558,328,2,9),(559,312,1,15),(560,329,1,49),(561,330,2,131),(562,242,1,34),(563,331,2,91),(564,232,1,10),(565,332,2,10),(566,333,1,37),(567,211,2,28),(568,334,2,19),(569,298,1,36),(570,236,1,60),(571,335,1,2),(572,294,1,122),(573,70,1,24),(574,336,2,1),(575,337,1,1),(576,300,2,100),(577,95,2,54),(578,315,2,47),(579,257,1,103),(580,338,1,48),(581,321,1,34),(582,309,1,33),(583,310,1,57),(584,273,2,775),(585,339,2,1),(586,248,1,57),(587,340,1,17),(588,341,1,1),(589,308,1,17),(590,88,1,2),(591,342,2,1),(592,282,1,60),(593,343,2,6),(594,344,1,3),(595,345,2,2),(596,278,1,257),(597,249,1,56),(598,265,1,184),(599,346,2,207),(600,91,2,56),(601,266,1,122),(602,14,2,14),(603,258,2,256),(604,347,2,144),(605,229,1,1),(606,348,2,1),(607,349,2,3),(608,350,2,127),(609,351,2,5),(610,276,1,40),(611,352,2,87),(612,353,1,37),(613,354,1,22),(614,355,2,221),(615,334,1,17),(616,251,1,77),(617,333,2,93),(618,356,1,1),(619,219,1,48),(620,357,2,4),(621,358,1,4),(622,359,2,9),(623,360,1,29),(624,361,2,4),(625,362,2,118),(626,360,2,127),(627,363,1,71),(628,208,1,67),(629,364,2,52),(630,279,1,252),(631,365,2,39),(632,366,2,94),(633,367,2,470),(634,368,2,52),(635,369,2,38),(636,370,1,113),(637,288,2,293),(638,331,1,54),(639,371,1,1),(640,372,2,158),(641,373,2,78),(642,374,2,130),(643,375,1,1),(644,235,1,184),(645,376,2,84),(646,377,2,195),(647,378,2,331),(648,250,2,18),(649,379,1,3),(650,380,1,2),(651,381,2,20),(652,353,2,184),(653,314,1,137),(654,289,1,80),(655,382,2,230),(656,383,2,32),(657,384,2,7),(658,367,1,186),(659,370,2,319),(660,385,2,119),(661,386,2,40),(662,269,1,78),(663,387,2,4),(664,388,2,2),(665,389,2,1),(666,350,1,42),(667,390,2,72),(668,391,1,74),(669,392,2,43),(670,346,1,103),(671,307,2,46),(672,393,2,124),(673,290,1,124),(674,394,1,23),(675,395,2,11),(676,396,2,9),(677,397,2,248),(678,398,2,38),(679,358,2,2),(680,327,2,23),(681,399,1,2),(682,373,1,22),(683,400,1,1),(684,299,1,85),(685,368,1,8),(686,401,2,204),(687,402,2,49),(688,403,2,1),(689,404,1,3),(690,405,2,24),(691,185,1,5),(692,406,1,91),(693,407,2,113),(694,408,2,22),(695,363,2,153),(696,409,1,16),(697,410,2,1),(698,411,2,87),(699,355,1,70),(700,72,1,82),(701,87,1,39),(702,412,2,56),(703,260,1,47),(704,413,2,1),(705,401,1,48),(706,338,2,225),(707,409,2,46),(708,414,2,320),(709,213,1,19),(710,329,2,160),(711,415,2,32),(712,416,2,82),(713,417,2,33),(714,418,1,14),(715,419,1,4),(716,420,1,25),(717,268,1,32),(718,421,1,12),(719,78,2,14),(720,422,2,44),(721,344,2,9),(722,378,1,136),(723,423,1,17),(724,376,1,28),(725,410,1,2),(726,424,2,67),(727,335,2,2),(728,394,2,64),(729,90,1,13),(730,420,2,46),(731,425,2,281),(732,223,1,8),(733,337,2,5),(734,426,2,30),(735,427,1,5),(736,428,2,9),(737,429,2,1),(738,391,2,152),(739,430,2,66),(740,40,1,21),(741,431,2,11),(742,387,1,3),(743,382,1,39),(744,397,1,67),(745,432,1,6),(746,433,2,21),(747,407,1,38),(748,434,1,80),(749,374,1,54),(750,435,2,7),(751,301,1,51),(752,436,2,28),(753,271,1,4),(754,437,2,43),(755,438,2,9),(756,439,2,43),(757,434,2,240),(758,262,1,5),(759,349,1,1),(760,440,2,4),(761,423,2,65),(762,441,1,42),(763,442,1,1),(764,380,2,3),(765,443,2,107),(766,297,1,86),(767,259,2,110),(768,444,1,7),(769,438,1,4),(770,286,1,54),(771,393,1,64),(772,445,2,7),(773,441,2,201),(774,313,1,44),(775,352,1,51),(776,446,2,3),(777,447,2,1),(778,448,2,2),(779,449,2,31),(780,303,1,34),(781,450,1,1),(782,330,1,55),(783,68,2,65),(784,451,2,19),(785,359,1,9),(786,406,2,207),(787,452,1,5),(788,453,2,69),(789,454,1,35),(790,455,2,2),(791,456,2,16),(792,457,2,1),(793,458,2,1),(794,459,2,7),(795,460,1,2),(796,280,1,41),(797,377,1,80),(798,461,2,22),(799,462,2,2),(800,463,2,4),(801,372,1,63),(802,464,2,5),(803,465,2,3),(804,180,1,2),(805,293,1,107),(806,466,2,38),(807,467,1,1),(808,415,1,16),(809,468,2,20),(810,469,1,31),(811,470,2,19),(812,471,2,73),(813,472,2,23),(814,326,1,40),(815,473,1,1),(816,474,2,38),(817,416,1,31),(818,453,1,7),(819,475,2,42),(820,476,1,1),(821,477,2,5),(822,422,1,22),(823,478,2,23),(824,451,1,7),(825,479,1,3),(826,480,2,25),(827,179,1,1),(828,481,2,2),(829,482,2,15),(830,483,2,1),(831,484,1,2),(832,485,2,17),(833,424,1,22),(834,81,1,77),(835,486,2,1),(836,487,2,5),(837,488,2,1),(838,427,2,17),(839,287,1,136),(840,489,2,1),(841,490,2,1),(842,491,1,2),(843,285,1,14),(844,473,2,1),(845,492,2,41),(846,386,1,15),(847,493,1,4),(848,494,2,1),(849,495,1,2),(850,222,1,55),(851,496,1,1),(852,497,1,11),(853,498,1,1),(854,499,1,10),(855,500,2,4),(856,76,1,30),(857,237,1,19),(858,231,2,49),(859,501,1,5),(860,295,2,7),(861,474,1,16),(862,502,1,1),(863,503,2,14),(864,466,1,6),(865,504,1,5),(866,469,2,50),(867,505,2,3),(868,506,2,1),(869,507,1,1),(870,508,2,10),(871,509,1,9),(872,366,1,22),(873,399,2,1),(874,510,1,1),(875,362,1,29),(876,340,2,36),(877,511,2,3),(878,356,2,1),(879,471,1,20),(880,448,1,2),(881,512,2,4),(882,433,1,16),(883,513,1,4),(884,514,1,1),(885,515,2,27),(886,412,1,21),(887,454,2,83),(888,323,1,19),(889,516,2,1),(890,517,2,11),(891,272,1,21),(892,461,1,9),(893,518,2,10),(894,421,2,12),(895,519,2,5),(896,520,2,11),(897,347,1,45),(898,521,2,10),(899,354,2,33),(900,522,2,18),(901,426,1,11),(902,523,1,9),(903,524,1,2),(904,319,1,15),(905,383,1,11),(906,459,1,1),(907,525,1,4),(908,526,2,4),(909,527,1,4),(910,317,1,113),(911,442,2,5),(912,498,2,2),(913,528,1,4),(914,529,2,108),(915,530,2,1),(916,510,2,1),(917,531,1,2),(918,532,1,10),(919,439,1,25),(920,533,1,2),(921,534,1,2),(922,535,1,1),(923,304,1,17),(924,531,2,4),(925,536,1,4),(926,524,2,1),(927,537,1,4),(928,538,2,9),(929,528,2,14),(930,468,1,7),(931,408,1,13),(932,539,2,9),(933,540,2,18),(934,495,2,10),(935,536,2,21),(936,253,1,20),(937,541,2,1),(938,542,2,1),(939,543,2,21),(940,544,2,24),(941,545,2,2),(942,482,1,9),(943,546,2,1),(944,385,1,12),(945,547,2,18),(946,525,2,6),(947,548,1,1),(948,549,2,9),(949,270,1,9),(950,550,2,16),(951,246,1,8),(952,551,2,2),(953,552,1,4),(954,553,2,3),(955,554,2,1),(956,555,2,5),(957,556,2,2),(958,557,2,7),(959,216,1,6),(960,388,1,1),(961,558,2,6),(962,550,1,2),(963,501,2,14),(964,559,2,1),(965,560,1,4),(966,561,2,2),(967,562,2,7),(968,563,2,1),(969,564,1,7),(970,381,1,14),(971,565,2,7),(972,532,2,20),(973,566,2,2),(974,538,1,4),(975,567,2,2),(976,568,2,22),(977,398,1,14),(978,547,1,6),(979,569,2,10),(980,570,2,20),(981,564,2,12),(982,452,2,7),(983,571,1,1),(984,443,1,180),(985,572,2,6),(986,431,1,7),(987,573,2,20),(988,364,1,30),(989,574,2,4),(990,575,2,12),(991,576,2,3),(992,320,1,5),(993,577,2,7),(994,578,1,11),(995,479,2,9),(996,579,2,3),(997,437,1,10),(998,580,2,2),(999,581,2,5),(1000,582,2,3),(1001,583,2,3),(1002,584,2,3),(1003,585,1,1),(1004,586,2,8),(1005,587,2,11),(1006,588,1,11),(1007,198,1,1),(1008,589,1,1),(1009,590,2,6),(1010,485,1,1),(1011,539,1,6),(1012,436,1,14),(1013,591,2,1),(1014,390,1,22),(1015,592,2,6),(1016,593,2,12),(1017,594,2,20),(1018,595,2,1),(1019,456,1,8),(1020,596,2,1),(1021,597,2,2),(1022,475,1,6),(1023,598,2,1),(1024,411,1,24),(1025,599,1,1),(1026,600,2,1),(1027,568,1,12),(1028,601,2,3),(1029,435,1,3),(1030,602,2,4),(1031,603,2,1),(1032,604,1,2),(1033,605,2,4),(1034,606,2,1),(1035,607,2,10),(1036,608,2,1),(1037,609,2,2),(1038,392,1,12),(1039,610,1,1),(1040,611,1,7),(1041,612,2,5),(1042,613,2,1),(1043,614,2,1),(1044,615,1,1),(1045,616,2,17),(1046,617,2,157),(1047,618,2,12),(1048,493,2,7),(1049,460,2,1),(1050,619,2,1),(1051,418,2,32),(1052,620,1,3),(1053,621,2,8),(1054,622,2,6),(1055,623,2,1),(1056,624,1,2),(1057,592,1,1),(1058,537,2,13),(1059,625,2,2),(1060,527,2,21),(1061,626,1,8),(1062,523,2,12),(1063,627,2,1),(1064,414,1,114),(1065,628,1,2),(1066,296,1,18),(1067,629,1,3),(1068,630,2,10),(1069,631,1,3),(1070,632,2,1),(1071,405,1,9),(1072,633,2,7),(1073,634,2,16),(1074,635,2,6),(1075,425,1,81),(1076,636,2,2),(1077,637,1,1),(1078,638,2,1),(1079,639,2,4),(1080,430,1,21),(1081,594,1,4),(1082,640,2,5),(1083,641,1,3),(1084,642,1,4),(1085,626,2,29),(1086,529,1,27),(1087,365,1,11),(1088,643,1,1),(1089,618,1,1),(1090,569,1,3),(1091,417,1,12),(1092,644,2,3),(1093,645,2,1),(1094,449,1,10),(1095,646,2,2),(1096,647,2,6),(1097,641,2,2),(1098,648,2,4),(1099,506,1,1),(1100,649,2,12),(1101,650,2,3),(1102,651,1,2),(1103,487,1,5),(1104,652,2,2),(1105,653,2,1),(1106,654,2,29),(1107,655,2,9),(1108,642,2,5),(1109,656,2,5),(1110,631,2,3),(1111,578,2,26),(1112,657,1,1),(1113,658,2,3),(1114,659,2,1),(1115,660,1,9),(1116,653,1,3),(1117,508,1,2),(1118,661,2,5),(1119,662,2,1),(1120,663,2,1),(1121,664,2,13),(1122,629,2,3),(1123,444,2,3),(1124,665,2,5),(1125,666,2,2),(1126,667,2,5),(1127,668,2,1),(1128,669,2,1),(1129,670,2,1),(1130,573,1,4),(1131,500,1,1),(1132,544,1,7),(1133,671,2,3),(1134,672,2,3),(1135,673,1,2),(1136,660,2,26),(1137,674,2,1),(1138,675,1,1),(1139,484,2,3),(1140,676,2,2),(1141,677,1,1),(1142,575,1,5),(1143,533,2,2),(1144,678,2,2),(1145,679,2,26),(1146,680,2,1),(1147,517,1,6),(1148,681,1,2),(1149,478,1,4),(1150,463,1,3),(1151,682,2,1),(1152,683,2,2),(1153,419,2,7),(1154,497,2,13),(1155,684,2,2),(1156,634,1,8),(1157,685,2,1),(1158,686,2,1),(1159,687,2,3),(1160,688,2,5),(1161,628,2,25),(1162,560,2,2),(1163,604,2,4),(1164,639,1,5),(1165,543,1,7),(1166,689,2,6),(1167,552,2,2),(1168,690,2,8),(1169,557,1,1),(1170,687,1,3),(1171,509,2,21),(1172,649,1,15),(1173,691,1,1),(1174,470,1,4),(1175,692,2,1),(1176,499,2,9),(1177,661,1,4),(1178,566,1,1),(1179,693,2,2),(1180,689,1,3),(1181,694,2,13),(1182,695,1,1),(1183,696,2,1),(1184,697,1,4),(1185,698,1,1),(1186,694,1,4),(1187,472,1,5),(1188,699,2,1),(1189,402,1,17),(1190,700,2,4),(1191,701,2,1),(1192,656,1,3),(1193,702,1,1),(1194,703,2,3),(1195,704,2,1),(1196,580,1,3),(1197,705,1,10),(1198,561,1,2),(1199,706,2,1),(1200,707,1,1),(1201,708,1,1),(1202,709,1,1),(1203,562,1,1),(1204,710,1,1),(1205,711,1,2),(1206,712,2,1),(1207,713,2,1),(1208,714,1,1),(1209,715,2,1),(1210,716,2,1),(1211,714,2,2),(1212,717,1,1),(1213,643,2,1),(1214,718,2,1),(1215,588,2,3),(1216,719,1,1),(1217,612,1,3),(1218,720,2,2),(1219,586,1,3),(1220,582,1,3),(1221,413,1,1),(1222,652,1,2),(1223,721,2,3),(1224,722,1,2),(1225,480,1,13),(1226,620,2,4),(1227,723,2,1),(1228,540,1,5),(1229,445,1,8),(1230,705,2,17),(1231,724,2,1),(1232,725,2,2),(1233,726,1,3),(1234,727,2,2),(1235,369,1,8),(1236,621,1,1),(1237,637,2,2),(1238,512,1,2),(1239,728,1,3),(1240,729,1,1),(1241,730,2,1),(1242,731,1,1),(1243,732,1,1),(1244,570,1,5),(1245,733,2,1),(1246,734,1,1),(1247,735,1,1),(1248,736,2,1),(1249,737,2,1),(1250,738,2,3),(1251,739,2,1),(1252,654,1,9),(1253,740,2,5),(1254,741,2,3),(1255,611,2,18),(1256,742,2,1),(1257,743,2,6),(1258,744,1,1),(1259,345,1,3),(1260,505,1,1),(1261,515,1,8),(1262,697,2,4),(1263,664,1,2),(1264,587,1,1),(1265,745,1,1),(1266,746,2,2),(1267,747,1,6),(1268,748,2,1),(1269,749,1,2),(1270,750,1,1),(1271,751,2,1),(1272,752,2,3),(1273,753,2,6),(1274,754,1,1),(1275,755,2,1),(1276,756,2,1),(1277,593,1,2),(1278,757,2,2),(1279,758,2,3),(1280,590,1,4),(1281,747,2,13),(1282,491,2,7),(1283,759,2,1),(1284,760,2,3),(1285,761,1,1),(1286,679,1,3),(1287,762,1,1),(1288,763,1,2),(1289,764,1,1),(1290,765,2,1),(1291,591,1,2),(1292,766,1,2),(1293,701,1,1),(1294,767,1,1),(1295,768,2,1),(1296,769,2,1),(1297,577,1,1),(1298,770,2,1),(1299,771,2,1),(1300,772,2,2),(1301,384,1,3),(1302,723,1,1),(1303,773,2,1),(1304,774,1,1),(1305,775,2,2),(1306,776,2,1),(1307,764,2,2),(1308,777,1,3),(1309,778,2,2),(1310,779,2,1),(1311,780,2,2),(1312,616,1,5),(1313,684,1,1),(1314,781,2,2),(1315,782,2,2),(1316,783,1,1),(1317,784,2,1),(1318,785,2,1),(1319,700,1,1),(1320,716,1,1),(1321,565,1,2),(1322,786,2,1),(1323,477,1,2),(1324,492,1,10),(1325,743,1,1),(1326,787,1,1),(1327,788,2,1),(1328,789,2,1),(1329,752,1,2),(1330,786,1,1),(1331,667,1,3),(1332,790,2,1),(1333,791,2,1),(1334,607,1,1),(1335,792,1,1),(1336,711,2,3),(1337,793,2,1),(1338,794,2,1),(1339,795,1,1),(1340,341,2,7),(1341,713,1,1),(1342,534,2,1),(1343,796,1,1),(1344,797,1,1),(1345,730,1,1),(1346,798,1,1),(1347,432,2,11),(1348,799,2,1),(1349,800,2,4),(1350,801,2,1),(1351,690,1,1),(1352,802,1,1),(1353,803,1,1),(1354,804,2,1),(1355,805,1,2),(1356,806,1,2),(1357,807,2,6),(1358,808,1,3),(1359,809,1,2),(1360,810,2,1),(1361,811,2,2),(1362,553,1,2),(1363,812,2,2),(1364,813,2,2),(1365,814,2,1),(1366,815,2,1),(1367,816,2,2),(1368,817,1,1),(1369,617,1,2),(1370,818,2,2),(1371,819,1,1),(1372,820,2,3),(1373,821,2,1),(1374,822,2,1),(1375,503,1,6),(1376,823,1,2),(1377,824,1,2),(1378,825,2,1),(1379,826,2,1),(1380,827,2,1),(1381,464,1,1),(1382,761,2,1),(1383,828,2,1),(1384,804,1,1),(1385,706,1,1),(1386,829,1,1),(1387,830,2,1),(1388,831,1,2),(1389,832,2,1),(1390,625,1,1),(1391,651,2,1),(1392,833,2,3),(1393,834,1,1),(1394,835,2,1),(1395,836,1,1),(1396,342,1,2),(1397,837,2,1),(1398,838,1,2),(1399,839,1,1),(1400,840,2,1),(1401,841,2,1),(1402,647,1,1),(1403,842,2,1),(1404,843,1,1),(1405,844,2,1),(1406,845,2,1),(1407,846,1,1),(1408,847,2,1),(1409,848,1,1),(1410,849,2,1),(1411,850,2,1),(1412,851,2,1),(1413,852,2,1),(1414,853,1,1),(1415,854,1,1),(1416,855,2,1),(1417,504,2,6),(1418,856,2,2),(1419,857,2,3),(1420,858,2,2),(1421,675,2,2),(1422,521,1,4),(1423,788,1,1),(1424,859,2,1),(1425,860,1,2),(1426,831,2,1),(1427,861,2,1),(1428,809,2,5),(1429,862,2,2),(1430,863,2,60),(1431,864,2,1),(1432,865,2,1),(1433,866,2,1),(1434,867,1,2),(1435,868,2,1),(1436,869,2,2),(1437,766,2,1),(1438,630,1,2),(1439,870,2,1),(1440,871,2,1),(1441,872,1,1),(1442,873,2,1),(1443,874,2,1),(1444,795,2,2),(1445,875,2,1),(1446,633,1,2),(1447,876,2,1),(1448,877,2,1),(1449,878,2,1),(1450,879,2,1),(1451,880,2,1),(1452,881,2,1),(1453,882,2,1),(1454,777,2,2),(1455,883,2,2),(1456,709,2,2),(1457,884,2,1),(1458,867,2,2),(1459,885,2,1),(1460,886,1,1),(1461,683,1,2),(1462,887,1,1),(1463,888,2,1),(1464,889,2,1),(1465,890,2,1),(1466,891,2,2),(1467,892,2,1),(1468,893,1,1),(1469,584,1,1),(1470,428,1,1),(1471,894,2,1),(1472,895,2,1),(1473,784,1,1),(1474,896,2,2),(1475,897,2,1),(1476,898,1,1),(1477,899,2,2),(1478,316,2,1),(1479,900,2,1),(1480,901,2,1),(1481,819,2,1),(1482,902,1,1),(1483,903,2,2),(1484,665,1,1),(1485,904,2,1),(1486,905,2,1),(1487,906,2,4),(1488,907,2,2),(1489,908,2,1),(1490,909,2,1),(1491,910,1,1),(1492,911,1,1),(1493,912,2,1),(1494,913,2,1),(1495,914,2,1),(1496,915,2,1),(1497,916,2,1),(1498,917,2,3),(1499,918,2,1),(1500,919,2,1),(1501,920,2,1),(1502,921,2,2),(1503,922,2,2),(1504,496,2,4),(1505,579,1,3),(1506,923,2,1),(1507,924,2,2),(1508,925,1,1),(1509,926,2,1),(1510,927,2,1),(1511,928,2,1),(1512,929,2,1),(1513,930,1,1),(1514,931,2,1),(1515,787,2,1),(1516,932,2,1),(1517,933,2,1),(1518,934,2,1),(1519,481,1,1),(1520,935,1,1),(1521,936,2,3),(1522,937,1,1),(1523,681,2,4),(1524,938,2,1),(1525,939,1,1),(1526,940,2,3),(1527,941,2,2),(1528,942,2,1),(1529,943,2,2),(1530,944,2,1),(1531,945,2,1),(1532,946,1,1),(1533,947,2,1),(1534,948,2,1),(1535,949,1,2),(1536,950,1,1),(1537,951,2,1),(1538,952,2,1),(1539,953,2,1),(1540,954,2,1),(1541,955,2,1),(1542,956,2,2),(1543,957,1,2),(1544,672,1,2),(1545,958,2,1),(1546,902,2,2),(1547,959,2,1),(1548,960,2,1),(1549,961,2,4),(1550,962,1,2),(1551,963,2,2),(1552,964,2,1),(1553,965,1,1),(1554,966,2,1),(1555,967,2,1),(1556,968,1,1),(1557,969,2,1),(1558,970,2,1),(1559,971,2,1),(1560,972,2,1),(1561,973,2,1),(1562,974,2,1),(1563,975,1,1),(1564,513,2,2),(1565,976,1,1),(1566,853,2,1),(1567,977,2,1),(1568,978,2,1),(1569,979,2,1),(1570,980,1,1),(1571,200,1,1),(1572,518,1,2),(1573,981,1,1),(1574,982,2,1),(1575,983,2,1),(1576,984,1,1),(1577,985,1,1),(1578,632,1,1),(1579,986,2,1),(1580,987,1,1),(1581,938,1,2),(1582,988,2,1),(1583,989,2,2),(1584,990,1,1),(1585,991,2,1),(1586,992,1,1),(1587,993,2,1),(1588,994,1,1),(1589,746,1,1),(1590,763,2,4),(1591,978,1,1),(1592,623,1,1),(1593,995,1,1),(1594,996,2,1),(1595,997,2,1),(1596,998,1,1),(1597,574,1,2),(1598,999,2,1),(1599,1000,1,1),(1600,1001,2,1),(1601,1002,1,1),(1602,1003,2,1),(1603,1004,2,1),(1604,725,1,1),(1605,1005,2,1),(1606,1006,2,3),(1607,1007,2,1),(1608,1008,2,1),(1609,1009,2,1),(1610,1010,1,1),(1611,519,1,2),(1612,226,1,1),(1613,1011,1,1),(1614,824,2,1),(1615,1012,2,1),(1616,1013,2,1),(1617,1014,2,1),(1618,991,1,1),(1619,1015,2,1),(1620,1016,2,1),(1621,1017,1,1),(1622,1018,2,1),(1623,395,1,2),(1624,1019,2,1),(1625,1020,2,1),(1626,1021,1,1),(1627,1022,2,1),(1628,1023,2,1),(1629,1024,1,1),(1630,1025,2,1),(1631,1026,1,1),(1632,1027,2,1),(1633,1028,1,1),(1634,1029,2,1),(1635,1030,2,1),(1636,1031,2,1),(1637,1032,2,1),(1638,1033,2,1),(1639,1034,2,1),(1640,1035,2,1),(1641,1036,2,1),(1642,1037,2,1),(1643,1038,1,1),(1644,1039,2,1),(1645,1040,2,1),(1646,1041,1,1),(1647,925,2,2),(1648,1042,2,1),(1649,1043,1,1),(1650,1044,2,1),(1651,1045,1,1),(1652,1046,1,2),(1653,1047,2,1),(1654,606,1,1),(1655,767,2,1),(1656,1048,2,2),(1657,1049,2,1),(1658,1050,2,1),(1659,843,2,1),(1660,1051,2,1),(1661,1052,2,2),(1662,1053,2,1),(1663,1054,2,2),(1664,1055,1,2),(1665,1056,1,1),(1666,1057,1,1),(1667,1058,2,1),(1668,1059,1,1),(1669,781,1,1),(1670,1060,2,1),(1671,998,2,1),(1672,1061,1,1),(1673,1062,1,1),(1674,949,2,4),(1675,1017,2,1),(1676,1063,2,1),(1677,1064,2,1),(1678,1065,1,1),(1679,283,1,1),(1680,735,2,1),(1681,1066,2,1),(1682,1067,2,1),(1683,1068,1,1),(1684,1069,2,1),(1685,1070,2,1),(1686,1071,2,1),(1687,1072,2,2),(1688,1073,1,1),(1689,1074,1,1),(1690,1075,2,2),(1691,1076,2,1),(1692,1077,2,1),(1693,1078,1,1),(1694,1079,2,1),(1695,1080,2,1),(1696,1081,2,1),(1697,1082,2,1),(1698,1083,2,1),(1699,1084,2,1),(1700,555,1,1),(1701,1085,1,1),(1702,1086,1,1),(1703,1087,2,1),(1704,1088,2,1),(1705,1089,2,3),(1706,1090,2,1),(1707,1091,2,1),(1708,1092,2,1),(1709,1093,2,3),(1710,953,1,1),(1711,849,1,1),(1712,1094,1,1),(1713,1095,2,1),(1714,1096,2,2),(1715,1097,2,1),(1716,1098,2,1),(1717,1099,2,1),(1718,1100,1,1),(1719,1101,2,1),(1720,1102,1,1),(1721,1103,1,1),(1722,1104,2,1),(1723,1105,1,1),(1724,1106,2,1),(1725,1107,2,1),(1726,1108,1,1),(1727,1109,1,1),(1728,1110,2,1),(1729,1111,2,2),(1730,1112,2,1),(1731,1113,2,1),(1732,1114,2,2),(1733,1115,2,1),(1734,1116,2,1),(1735,1117,2,1),(1736,1118,2,2),(1737,1119,2,1),(1738,956,1,1),(1739,1089,1,1),(1740,1120,2,1),(1741,1121,2,2),(1742,1122,2,2),(1743,1123,1,1),(1744,1124,2,1),(1745,1125,2,1),(1746,601,1,3),(1747,1126,2,1),(1748,1127,2,1),(1749,1128,2,1),(1750,1129,2,2),(1751,644,1,2),(1752,1130,2,1),(1753,1131,2,1),(1754,1132,2,1),(1755,1133,2,1),(1756,1111,1,2),(1757,1134,2,1),(1758,1135,2,2),(1759,1136,2,1),(1760,328,1,1),(1761,1137,2,1),(1762,1138,2,2),(1763,1139,1,1),(1764,1140,2,1),(1765,1141,2,1),(1766,1142,2,1),(1767,790,1,1),(1768,1143,2,1),(1769,1144,2,2),(1770,1145,1,1),(1771,1146,2,1),(1772,1147,1,1),(1773,1148,2,1),(1774,968,2,1),(1775,1149,1,1),(1776,1150,2,1),(1777,1151,2,1),(1778,1152,2,1),(1779,1153,2,1),(1780,1154,1,1),(1781,1155,1,1),(1782,1156,2,1),(1783,1052,1,1),(1784,1157,2,1),(1785,1056,2,1),(1786,1158,2,2),(1787,1159,2,1),(1788,1160,1,1),(1789,1161,2,2),(1790,1162,2,1),(1791,1163,2,1),(1792,1164,1,1),(1793,1165,2,1),(1794,1166,2,1),(1795,1167,2,1),(1796,1168,2,1),(1797,1169,2,1),(1798,1170,2,1),(1799,1171,2,1),(1800,1172,1,1),(1801,1173,1,1),(1802,780,1,1),(1803,1174,2,1),(1804,1072,1,1),(1805,1175,1,1),(1806,738,1,1),(1807,858,1,1),(1808,1176,2,1),(1809,1177,1,1),(1810,1178,1,1),(1811,1179,2,1),(1812,1180,1,1),(1813,842,1,1),(1814,1181,2,1),(1815,1182,2,1),(1816,1183,2,1),(1817,1184,2,1),(1818,1185,1,1),(1819,400,2,1),(1820,1186,1,1),(1821,1187,2,1),(1822,1188,2,1),(1823,1189,2,1),(1824,1190,2,1),(1825,1191,2,1),(1826,1192,2,1),(1827,1193,2,1),(1828,1033,1,1),(1829,812,1,1),(1830,1194,2,1),(1831,1018,1,1),(1832,1195,2,1),(1833,1196,1,1),(1834,489,1,1),(1835,1197,2,1),(1836,1198,2,1),(1837,1199,2,1),(1838,1200,2,1),(1839,1201,1,1),(1840,1202,2,1),(1841,1203,2,1);
/*!40000 ALTER TABLE `fact_location_adoption` ENABLE KEYS */;
UNLOCK TABLES;

--
-- Table structure for table `fact_utility_eligibility_adoption`
--

DROP TABLE IF EXISTS `fact_utility_eligibility_adoption`;
/*!40101 SET @saved_cs_client     = @@character_set_client */;
/*!50503 SET character_set_client = utf8mb4 */;
CREATE TABLE `fact_utility_eligibility_adoption` (
  `utility_eligibility_id` int NOT NULL AUTO_INCREMENT,
  `utility_id` int NOT NULL,
  `cafv_id` int NOT NULL,
  `vehicle_count` int NOT NULL,
  PRIMARY KEY (`utility_eligibility_id`),
  KEY `fk2_utility_id_idx` (`utility_id`),
  KEY `fk2_eligibility_id_idx` (`cafv_id`),
  CONSTRAINT `fk2_eligibility_id` FOREIGN KEY (`cafv_id`) REFERENCES `dim_eligibility` (`cafv_id`),
  CONSTRAINT `fk2_utility_id` FOREIGN KEY (`utility_id`) REFERENCES `dim_utility` (`utility_id`)
) ENGINE=InnoDB AUTO_INCREMENT=256 DEFAULT CHARSET=utf8mb3;
/*!40101 SET character_set_client = @saved_cs_client */;

--
-- Dumping data for table `fact_utility_eligibility_adoption`
--

LOCK TABLES `fact_utility_eligibility_adoption` WRITE;
/*!40000 ALTER TABLE `fact_utility_eligibility_adoption` DISABLE KEYS */;
INSERT INTO `fact_utility_eligibility_adoption` VALUES (1,1,1,13924),(2,2,1,12606),(3,1,2,24101),(4,3,1,23671),(5,4,1,624),(6,2,3,3503),(7,1,3,4200),(8,4,3,220),(9,5,3,160),(10,6,1,403),(11,7,1,478),(12,4,2,750),(13,8,2,220),(14,8,1,182),(15,5,1,501),(16,8,3,63),(17,9,3,122),(18,7,3,114),(19,10,1,150),(20,3,2,44736),(21,3,3,6749),(22,2,2,19538),(23,11,2,6195),(24,12,3,141),(25,11,1,4260),(26,13,1,499),(27,11,3,1483),(28,14,2,105),(29,13,2,439),(30,12,2,537),(31,12,1,388),(32,15,3,27),(33,15,2,58),(34,16,2,948),(35,17,2,124),(36,18,2,148),(37,15,1,47),(38,13,3,148),(39,16,1,636),(40,19,2,177),(41,6,2,411),(42,18,1,101),(43,20,2,12),(44,21,2,15),(45,22,2,186),(46,14,3,42),(47,18,3,30),(48,21,1,10),(49,14,1,106),(50,16,3,219),(51,17,1,111),(52,23,2,1),(53,24,3,1069),(54,25,1,239),(55,24,2,4798),(56,26,2,173),(57,27,1,2007),(58,27,2,2125),(59,28,1,587),(60,29,1,36),(61,30,3,525),(62,31,2,321),(63,32,3,3),(64,5,2,671),(65,30,1,1152),(66,30,2,1640),(67,33,2,520),(68,34,3,59),(69,35,2,16),(70,36,2,59),(71,6,3,128),(72,28,3,101),(73,24,1,3233),(74,37,1,622),(75,25,2,327),(76,38,2,179),(77,7,2,646),(78,19,1,129),(79,38,1,162),(80,27,3,571),(81,37,2,671),(82,39,1,150),(83,40,1,110),(84,17,3,36),(85,10,2,214),(86,29,2,70),(87,28,2,344),(88,33,1,411),(89,9,2,349),(90,41,2,92),(91,34,2,341),(92,42,1,309),(93,25,3,91),(94,26,1,213),(95,43,2,121),(96,34,1,182),(97,44,1,164),(98,35,1,11),(99,45,2,53),(100,40,3,51),(101,45,3,68),(102,42,2,381),(103,37,3,194),(104,46,2,81),(105,19,3,35),(106,40,2,85),(107,26,3,116),(108,33,3,128),(109,31,1,258),(110,47,1,47),(111,44,2,215),(112,48,1,33),(113,49,1,56),(114,36,1,41),(115,22,1,72),(116,50,2,99),(117,49,2,73),(118,47,2,63),(119,39,3,53),(120,39,2,193),(121,10,3,51),(122,51,2,11),(123,32,2,6),(124,22,3,18),(125,52,1,84),(126,42,3,122),(127,44,3,60),(128,52,2,106),(129,46,1,80),(130,9,1,238),(131,49,3,23),(132,53,1,21),(133,54,3,31),(134,55,1,23),(135,56,3,8),(136,57,1,17),(137,58,1,29),(138,50,3,18),(139,58,2,38),(140,56,1,24),(141,59,2,30),(142,36,3,11),(143,20,1,11),(144,32,1,3),(145,60,1,1),(146,31,3,151),(147,21,3,1),(148,45,1,161),(149,41,1,75),(150,41,3,25),(151,58,3,15),(152,61,1,2),(153,50,1,66),(154,48,3,13),(155,59,1,19),(156,23,1,1),(157,62,3,6),(158,63,3,21),(159,55,2,27),(160,47,3,20),(161,29,3,14),(162,35,3,8),(163,38,3,61),(164,59,3,12),(165,63,1,45),(166,64,3,2),(167,53,3,3),(168,64,2,12),(169,55,3,13),(170,52,3,24),(171,51,1,7),(172,65,2,4),(173,43,1,77),(174,48,2,24),(175,54,1,50),(176,63,2,59),(177,66,1,3),(178,57,2,28),(179,53,2,23),(180,51,3,4),(181,67,2,5),(182,67,3,1),(183,68,1,9),(184,54,2,70),(185,69,2,12),(186,62,2,17),(187,62,1,14),(188,66,2,5),(189,69,1,8),(190,67,1,2),(191,70,2,11),(192,71,2,2),(193,72,2,2),(194,73,3,6),(195,73,2,26),(196,46,3,25),(197,57,3,8),(198,68,2,12),(199,43,3,18),(200,61,2,1),(201,70,1,3),(202,56,2,18),(203,64,1,6),(204,68,3,2),(205,73,1,12),(206,61,3,1),(207,74,3,1),(208,66,3,1),(209,72,1,1),(210,69,3,3),(211,75,2,1),(212,60,2,1),(213,72,3,1),(214,65,1,1),(215,74,1,2);
/*!40000 ALTER TABLE `fact_utility_eligibility_adoption` ENABLE KEYS */;
UNLOCK TABLES;

--
-- Table structure for table `try`
--

DROP TABLE IF EXISTS `try`;
/*!40101 SET @saved_cs_client     = @@character_set_client */;
/*!50503 SET character_set_client = utf8mb4 */;
CREATE TABLE `try` (
  `id` int NOT NULL AUTO_INCREMENT,
  `count` int NOT NULL,
  PRIMARY KEY (`id`)
) ENGINE=InnoDB AUTO_INCREMENT=256 DEFAULT CHARSET=utf8mb4 COLLATE=utf8mb4_0900_ai_ci;
/*!40101 SET character_set_client = @saved_cs_client */;

--
-- Dumping data for table `try`
--

LOCK TABLES `try` WRITE;
/*!40000 ALTER TABLE `try` DISABLE KEYS */;
INSERT INTO `try` VALUES (1,13924),(2,12606),(3,24101),(4,23671),(5,624),(6,3503),(7,4200),(8,220),(9,160),(10,403),(11,478),(12,750),(13,220),(14,182),(15,501),(16,63),(17,122),(18,114),(19,150),(20,44736),(21,6749),(22,19538),(23,6195),(24,141),(25,4260),(26,499),(27,1483),(28,105),(29,439),(30,537),(31,388),(32,27),(33,58),(34,948),(35,124),(36,148),(37,47),(38,148),(39,636),(40,177),(41,411),(42,101),(43,12),(44,15),(45,186),(46,42),(47,30),(48,10),(49,106),(50,219),(51,111),(52,1),(53,1069),(54,239),(55,4798),(56,173),(57,2007),(58,2125),(59,587),(60,36),(61,525),(62,321),(63,3),(64,671),(65,1152),(66,1640),(67,520),(68,59),(69,16),(70,59),(71,128),(72,101),(73,3233),(74,622),(75,327),(76,179),(77,646),(78,129),(79,162),(80,571),(81,671),(82,150),(83,110),(84,36),(85,214),(86,70),(87,344),(88,411),(89,349),(90,92),(91,341),(92,309),(93,91),(94,213),(95,121),(96,182),(97,164),(98,11),(99,53),(100,51),(101,68),(102,381),(103,194),(104,81),(105,35),(106,85),(107,116),(108,128),(109,258),(110,47),(111,215),(112,33),(113,56),(114,41),(115,72),(116,99),(117,73),(118,63),(119,53),(120,193),(121,51),(122,11),(123,6),(124,18),(125,84),(126,122),(127,60),(128,106),(129,80),(130,238),(131,23),(132,21),(133,31),(134,23),(135,8),(136,17),(137,29),(138,18),(139,38),(140,24),(141,30),(142,11),(143,11),(144,3),(145,1),(146,151),(147,1),(148,161),(149,75),(150,25),(151,15),(152,2),(153,66),(154,13),(155,19),(156,1),(157,6),(158,21),(159,27),(160,20),(161,14),(162,8),(163,61),(164,12),(165,45),(166,2),(167,3),(168,12),(169,13),(170,24),(171,7),(172,4),(173,77),(174,24),(175,50),(176,59),(177,3),(178,28),(179,23),(180,4),(181,5),(182,1),(183,9),(184,70),(185,12),(186,17),(187,14),(188,5),(189,8),(190,2),(191,11),(192,2),(193,2),(194,6),(195,26),(196,25),(197,8),(198,12),(199,18),(200,1),(201,3),(202,18),(203,6),(204,2),(205,12),(206,1),(207,1),(208,1),(209,1),(210,3),(211,1),(212,1),(213,1),(214,1),(215,2);
/*!40000 ALTER TABLE `try` ENABLE KEYS */;
UNLOCK TABLES;

--
-- Table structure for table `try1`
--

DROP TABLE IF EXISTS `try1`;
/*!40101 SET @saved_cs_client     = @@character_set_client */;
/*!50503 SET character_set_client = utf8mb4 */;
CREATE TABLE `try1` (
  `id` int NOT NULL AUTO_INCREMENT,
  `count` int NOT NULL,
  PRIMARY KEY (`id`)
) ENGINE=InnoDB AUTO_INCREMENT=2048 DEFAULT CHARSET=utf8mb4 COLLATE=utf8mb4_0900_ai_ci;
/*!40101 SET character_set_client = @saved_cs_client */;

--
-- Dumping data for table `try1`
--

LOCK TABLES `try1` WRITE;
/*!40000 ALTER TABLE `try1` DISABLE KEYS */;
INSERT INTO `try1` VALUES (1,34),(2,583),(3,597),(4,1244),(5,259),(6,904),(7,224),(8,494),(9,942),(10,2206),(11,87),(12,357),(13,253),(14,6),(15,431),(16,1112),(17,96),(18,1389),(19,555),(20,145),(21,204),(22,1368),(23,127),(24,1404),(25,80),(26,33),(27,2716),(28,2002),(29,226),(30,180),(31,766),(32,312),(33,1183),(34,1892),(35,517),(36,277),(37,64),(38,205),(39,416),(40,137),(41,395),(42,1091),(43,63),(44,4529),(45,615),(46,1471),(47,558),(48,796),(49,217),(50,1586),(51,2447),(52,1109),(53,386),(54,1467),(55,662),(56,287),(57,256),(58,350),(59,431),(60,148),(61,975),(62,352),(63,208),(64,692),(65,44),(66,654),(67,847),(68,346),(69,758),(70,9),(71,359),(72,411),(73,623),(74,1089),(75,461),(76,15),(77,72),(78,225),(79,30),(80,22),(81,91),(82,572),(83,54),(84,27),(85,225),(86,256),(87,207),(88,771),(89,203),(90,283),(91,78),(92,1077),(93,9),(94,264),(95,118),(96,101),(97,38),(98,226),(99,210),(100,302),(101,566),(102,290),(103,138),(104,203),(105,336),(106,129),(107,482),(108,7),(109,408),(110,128),(111,16),(112,103),(113,37),(114,733),(115,111),(116,281),(117,7),(118,12),(119,2831),(120,419),(121,2049),(122,2486),(123,663),(124,55),(125,190),(126,932),(127,506),(128,229),(129,164),(130,456),(131,1309),(132,1816),(133,361),(134,1094),(135,248),(136,1280),(137,1197),(138,886),(139,97),(140,318),(141,88),(142,508),(143,2783),(144,610),(145,386),(146,121),(147,801),(148,232),(149,455),(150,500),(151,649),(152,62),(153,512),(154,567),(155,2224),(156,235),(157,1266),(158,203),(159,92),(160,337),(161,139),(162,136),(163,464),(164,674),(165,548),(166,96),(167,1450),(168,856),(169,207),(170,154),(171,718),(172,337),(173,547),(174,988),(175,653),(176,454),(177,317),(178,282),(179,134),(180,1989),(181,50),(182,35),(183,437),(184,530),(185,196),(186,195),(187,488),(188,2131),(189,213),(190,1315),(191,617),(192,428),(193,34),(194,142),(195,809),(196,176),(197,222),(198,332),(199,794),(200,148),(201,314),(202,152),(203,403),(204,37),(205,4),(206,123),(207,514),(208,207),(209,524),(210,187),(211,248),(212,874),(213,149),(214,164),(215,675),(216,548),(217,49),(218,546),(219,285),(220,78),(221,133),(222,1289),(223,341),(224,255),(225,177),(226,398),(227,160),(228,29),(229,1438),(230,315),(231,107),(232,73),(233,222),(234,1003),(235,138),(236,620),(237,615),(238,398),(239,274),(240,117),(241,564),(242,1112),(243,297),(244,10),(245,87),(246,358),(247,23),(248,98),(249,21),(250,734),(251,220),(252,1493),(253,625),(254,202),(255,76),(256,67),(257,4),(258,246),(259,4),(260,378),(261,367),(262,97),(263,302),(264,99),(265,425),(266,50),(267,235),(268,104),(269,543),(270,129),(271,195),(272,20),(273,110),(274,200),(275,46),(276,147),(277,76),(278,131),(279,104),(280,878),(281,390),(282,20),(283,270),(284,43),(285,68),(286,123),(287,63),(288,570),(289,177),(290,48),(291,46),(292,88),(293,114),(294,262),(295,19),(296,235),(297,147),(298,167),(299,685),(300,139),(301,409),(302,183),(303,109),(304,42),(305,179),(306,142),(307,214),(308,44),(309,75),(310,279),(311,53),(312,160),(313,208),(314,62),(315,383),(316,56),(317,146),(318,33),(319,672),(320,74),(321,78),(322,10),(323,209),(324,143),(325,135),(326,141),(327,8),(328,105),(329,49),(330,61),(331,161),(332,5),(333,46),(334,91),(335,11),(336,99),(337,14),(338,37),(339,721),(340,35),(341,241),(342,20),(343,149),(344,54),(345,21),(346,320),(347,19),(348,106),(349,320),(350,195),(351,3),(352,31),(353,62),(354,114),(355,289),(356,7),(357,214),(358,21),(359,327),(360,58),(361,109),(362,7),(363,38),(364,43),(365,11),(366,5),(367,121),(368,7),(369,34),(370,142),(371,134),(372,70),(373,79),(374,432),(375,51),(376,204),(377,87),(378,315),(379,20),(380,43),(381,146),(382,37),(383,10),(384,4),(385,23),(386,34),(387,13),(388,14),(389,9),(390,8),(391,95),(392,126),(393,195),(394,104),(395,14),(396,93),(397,185),(398,162),(399,18),(400,7),(401,46),(402,1),(403,11),(404,520),(405,7),(406,373),(407,21),(408,391),(409,16),(410,205),(411,16),(412,45),(413,1391),(414,12),(415,9),(416,8),(417,20),(418,26),(419,888),(420,30),(421,491),(422,670),(423,149),(424,82),(425,855),(426,91),(427,154),(428,76),(429,132),(430,185),(431,198),(432,14),(433,33),(434,200),(435,91),(436,170),(437,7),(438,59),(439,132),(440,172),(441,98),(442,107),(443,72),(444,32),(445,810),(446,174),(447,272),(448,173),(449,420),(450,337),(451,222),(452,74),(453,40),(454,8),(455,100),(456,947),(457,14),(458,277),(459,92),(460,305),(461,528),(462,126),(463,522),(464,27),(465,83),(466,321),(467,33),(468,880),(469,48),(470,56),(471,54),(472,46),(473,266),(474,42),(475,26),(476,180),(477,131),(478,867),(479,1684),(480,90),(481,29),(482,212),(483,4),(484,217),(485,23),(486,195),(487,285),(488,274),(489,109),(490,228),(491,229),(492,385),(493,354),(494,543),(495,76),(496,100),(497,265),(498,405),(499,145),(500,5),(501,71),(502,15),(503,220),(504,160),(505,232),(506,25),(507,96),(508,147),(509,238),(510,68),(511,53),(512,356),(513,343),(514,49),(515,20),(516,49),(517,70),(518,58),(519,41),(520,145),(521,164),(522,350),(523,105),(524,86),(525,126),(526,128),(527,377),(528,6),(529,100),(530,46),(531,113),(532,18),(533,2),(534,351),(535,130),(536,122),(537,230),(538,1),(539,297),(540,64),(541,53),(542,208),(543,14),(544,84),(545,54),(546,150),(547,137),(548,19),(549,65),(550,220),(551,50),(552,200),(553,119),(554,210),(555,66),(556,21),(557,8),(558,9),(559,15),(560,49),(561,131),(562,34),(563,91),(564,10),(565,10),(566,37),(567,28),(568,19),(569,36),(570,60),(571,2),(572,122),(573,24),(574,1),(575,1),(576,100),(577,54),(578,47),(579,103),(580,48),(581,34),(582,33),(583,57),(584,775),(585,1),(586,57),(587,17),(588,1),(589,17),(590,2),(591,1),(592,60),(593,6),(594,3),(595,2),(596,257),(597,56),(598,184),(599,207),(600,56),(601,122),(602,14),(603,256),(604,144),(605,1),(606,1),(607,3),(608,127),(609,5),(610,40),(611,87),(612,37),(613,22),(614,221),(615,17),(616,77),(617,93),(618,1),(619,48),(620,4),(621,4),(622,9),(623,29),(624,4),(625,118),(626,127),(627,71),(628,67),(629,52),(630,252),(631,39),(632,94),(633,470),(634,52),(635,38),(636,113),(637,293),(638,54),(639,1),(640,158),(641,78),(642,130),(643,1),(644,184),(645,84),(646,195),(647,331),(648,18),(649,3),(650,2),(651,20),(652,184),(653,137),(654,80),(655,230),(656,32),(657,7),(658,186),(659,319),(660,119),(661,40),(662,78),(663,4),(664,2),(665,1),(666,42),(667,72),(668,74),(669,43),(670,103),(671,46),(672,124),(673,124),(674,23),(675,11),(676,9),(677,248),(678,38),(679,2),(680,23),(681,2),(682,22),(683,1),(684,85),(685,8),(686,204),(687,49),(688,1),(689,3),(690,24),(691,5),(692,91),(693,113),(694,22),(695,153),(696,16),(697,1),(698,87),(699,70),(700,82),(701,39),(702,56),(703,47),(704,1),(705,48),(706,225),(707,46),(708,320),(709,19),(710,160),(711,32),(712,82),(713,33),(714,14),(715,4),(716,25),(717,32),(718,12),(719,14),(720,44),(721,9),(722,136),(723,17),(724,28),(725,2),(726,67),(727,2),(728,64),(729,13),(730,46),(731,281),(732,8),(733,5),(734,30),(735,5),(736,9),(737,1),(738,152),(739,66),(740,21),(741,11),(742,3),(743,39),(744,67),(745,6),(746,21),(747,38),(748,80),(749,54),(750,7),(751,51),(752,28),(753,4),(754,43),(755,9),(756,43),(757,240),(758,5),(759,1),(760,4),(761,65),(762,42),(763,1),(764,3),(765,107),(766,86),(767,110),(768,7),(769,4),(770,54),(771,64),(772,7),(773,201),(774,44),(775,51),(776,3),(777,1),(778,2),(779,31),(780,34),(781,1),(782,55),(783,65),(784,19),(785,9),(786,207),(787,5),(788,69),(789,35),(790,2),(791,16),(792,1),(793,1),(794,7),(795,2),(796,41),(797,80),(798,22),(799,2),(800,4),(801,63),(802,5),(803,3),(804,2),(805,107),(806,38),(807,1),(808,16),(809,20),(810,31),(811,19),(812,73),(813,23),(814,40),(815,1),(816,38),(817,31),(818,7),(819,42),(820,1),(821,5),(822,22),(823,23),(824,7),(825,3),(826,25),(827,1),(828,2),(829,15),(830,1),(831,2),(832,17),(833,22),(834,77),(835,1),(836,5),(837,1),(838,17),(839,136),(840,1),(841,1),(842,2),(843,14),(844,1),(845,41),(846,15),(847,4),(848,1),(849,2),(850,55),(851,1),(852,11),(853,1),(854,10),(855,4),(856,30),(857,19),(858,49),(859,5),(860,7),(861,16),(862,1),(863,14),(864,6),(865,5),(866,50),(867,3),(868,1),(869,1),(870,10),(871,9),(872,22),(873,1),(874,1),(875,29),(876,36),(877,3),(878,1),(879,20),(880,2),(881,4),(882,16),(883,4),(884,1),(885,27),(886,21),(887,83),(888,19),(889,1),(890,11),(891,21),(892,9),(893,10),(894,12),(895,5),(896,11),(897,45),(898,10),(899,33),(900,18),(901,11),(902,9),(903,2),(904,15),(905,11),(906,1),(907,4),(908,4),(909,4),(910,113),(911,5),(912,2),(913,4),(914,108),(915,1),(916,1),(917,2),(918,10),(919,25),(920,2),(921,2),(922,1),(923,17),(924,4),(925,4),(926,1),(927,4),(928,9),(929,14),(930,7),(931,13),(932,9),(933,18),(934,10),(935,21),(936,20),(937,1),(938,1),(939,21),(940,24),(941,2),(942,9),(943,1),(944,12),(945,18),(946,6),(947,1),(948,9),(949,9),(950,16),(951,8),(952,2),(953,4),(954,3),(955,1),(956,5),(957,2),(958,7),(959,6),(960,1),(961,6),(962,2),(963,14),(964,1),(965,4),(966,2),(967,7),(968,1),(969,7),(970,14),(971,7),(972,20),(973,2),(974,4),(975,2),(976,22),(977,14),(978,6),(979,10),(980,20),(981,12),(982,7),(983,1),(984,180),(985,6),(986,7),(987,20),(988,30),(989,4),(990,12),(991,3),(992,5),(993,7),(994,11),(995,9),(996,3),(997,10),(998,2),(999,5),(1000,3),(1001,3),(1002,3),(1003,1),(1004,8),(1005,11),(1006,11),(1007,1),(1008,1),(1009,6),(1010,1),(1011,6),(1012,14),(1013,1),(1014,22),(1015,6),(1016,12),(1017,20),(1018,1),(1019,8),(1020,1),(1021,2),(1022,6),(1023,1),(1024,24),(1025,1),(1026,1),(1027,12),(1028,3),(1029,3),(1030,4),(1031,1),(1032,2),(1033,4),(1034,1),(1035,10),(1036,1),(1037,2),(1038,12),(1039,1),(1040,7),(1041,5),(1042,1),(1043,1),(1044,1),(1045,17),(1046,157),(1047,12),(1048,7),(1049,1),(1050,1),(1051,32),(1052,3),(1053,8),(1054,6),(1055,1),(1056,2),(1057,1),(1058,13),(1059,2),(1060,21),(1061,8),(1062,12),(1063,1),(1064,114),(1065,2),(1066,18),(1067,3),(1068,10),(1069,3),(1070,1),(1071,9),(1072,7),(1073,16),(1074,6),(1075,81),(1076,2),(1077,1),(1078,1),(1079,4),(1080,21),(1081,4),(1082,5),(1083,3),(1084,4),(1085,29),(1086,27),(1087,11),(1088,1),(1089,1),(1090,3),(1091,12),(1092,3),(1093,1),(1094,10),(1095,2),(1096,6),(1097,2),(1098,4),(1099,1),(1100,12),(1101,3),(1102,2),(1103,5),(1104,2),(1105,1),(1106,29),(1107,9),(1108,5),(1109,5),(1110,3),(1111,26),(1112,1),(1113,3),(1114,1),(1115,9),(1116,3),(1117,2),(1118,5),(1119,1),(1120,1),(1121,13),(1122,3),(1123,3),(1124,5),(1125,2),(1126,5),(1127,1),(1128,1),(1129,1),(1130,4),(1131,1),(1132,7),(1133,3),(1134,3),(1135,2),(1136,26),(1137,1),(1138,1),(1139,3),(1140,2),(1141,1),(1142,5),(1143,2),(1144,2),(1145,26),(1146,1),(1147,6),(1148,2),(1149,4),(1150,3),(1151,1),(1152,2),(1153,7),(1154,13),(1155,2),(1156,8),(1157,1),(1158,1),(1159,3),(1160,5),(1161,25),(1162,2),(1163,4),(1164,5),(1165,7),(1166,6),(1167,2),(1168,8),(1169,1),(1170,3),(1171,21),(1172,15),(1173,1),(1174,4),(1175,1),(1176,9),(1177,4),(1178,1),(1179,2),(1180,3),(1181,13),(1182,1),(1183,1),(1184,4),(1185,1),(1186,4),(1187,5),(1188,1),(1189,17),(1190,4),(1191,1),(1192,3),(1193,1),(1194,3),(1195,1),(1196,3),(1197,10),(1198,2),(1199,1),(1200,1),(1201,1),(1202,1),(1203,1),(1204,1),(1205,2),(1206,1),(1207,1),(1208,1),(1209,1),(1210,1),(1211,2),(1212,1),(1213,1),(1214,1),(1215,3),(1216,1),(1217,3),(1218,2),(1219,3),(1220,3),(1221,1),(1222,2),(1223,3),(1224,2),(1225,13),(1226,4),(1227,1),(1228,5),(1229,8),(1230,17),(1231,1),(1232,2),(1233,3),(1234,2),(1235,8),(1236,1),(1237,2),(1238,2),(1239,3),(1240,1),(1241,1),(1242,1),(1243,1),(1244,5),(1245,1),(1246,1),(1247,1),(1248,1),(1249,1),(1250,3),(1251,1),(1252,9),(1253,5),(1254,3),(1255,18),(1256,1),(1257,6),(1258,1),(1259,3),(1260,1),(1261,8),(1262,4),(1263,2),(1264,1),(1265,1),(1266,2),(1267,6),(1268,1),(1269,2),(1270,1),(1271,1),(1272,3),(1273,6),(1274,1),(1275,1),(1276,1),(1277,2),(1278,2),(1279,3),(1280,4),(1281,13),(1282,7),(1283,1),(1284,3),(1285,1),(1286,3),(1287,1),(1288,2),(1289,1),(1290,1),(1291,2),(1292,2),(1293,1),(1294,1),(1295,1),(1296,1),(1297,1),(1298,1),(1299,1),(1300,2),(1301,3),(1302,1),(1303,1),(1304,1),(1305,2),(1306,1),(1307,2),(1308,3),(1309,2),(1310,1),(1311,2),(1312,5),(1313,1),(1314,2),(1315,2),(1316,1),(1317,1),(1318,1),(1319,1),(1320,1),(1321,2),(1322,1),(1323,2),(1324,10),(1325,1),(1326,1),(1327,1),(1328,1),(1329,2),(1330,1),(1331,3),(1332,1),(1333,1),(1334,1),(1335,1),(1336,3),(1337,1),(1338,1),(1339,1),(1340,7),(1341,1),(1342,1),(1343,1),(1344,1),(1345,1),(1346,1),(1347,11),(1348,1),(1349,4),(1350,1),(1351,1),(1352,1),(1353,1),(1354,1),(1355,2),(1356,2),(1357,6),(1358,3),(1359,2),(1360,1),(1361,2),(1362,2),(1363,2),(1364,2),(1365,1),(1366,1),(1367,2),(1368,1),(1369,2),(1370,2),(1371,1),(1372,3),(1373,1),(1374,1),(1375,6),(1376,2),(1377,2),(1378,1),(1379,1),(1380,1),(1381,1),(1382,1),(1383,1),(1384,1),(1385,1),(1386,1),(1387,1),(1388,2),(1389,1),(1390,1),(1391,1),(1392,3),(1393,1),(1394,1),(1395,1),(1396,2),(1397,1),(1398,2),(1399,1),(1400,1),(1401,1),(1402,1),(1403,1),(1404,1),(1405,1),(1406,1),(1407,1),(1408,1),(1409,1),(1410,1),(1411,1),(1412,1),(1413,1),(1414,1),(1415,1),(1416,1),(1417,6),(1418,2),(1419,3),(1420,2),(1421,2),(1422,4),(1423,1),(1424,1),(1425,2),(1426,1),(1427,1),(1428,5),(1429,2),(1430,60),(1431,1),(1432,1),(1433,1),(1434,2),(1435,1),(1436,2),(1437,1),(1438,2),(1439,1),(1440,1),(1441,1),(1442,1),(1443,1),(1444,2),(1445,1),(1446,2),(1447,1),(1448,1),(1449,1),(1450,1),(1451,1),(1452,1),(1453,1),(1454,2),(1455,2),(1456,2),(1457,1),(1458,2),(1459,1),(1460,1),(1461,2),(1462,1),(1463,1),(1464,1),(1465,1),(1466,2),(1467,1),(1468,1),(1469,1),(1470,1),(1471,1),(1472,1),(1473,1),(1474,2),(1475,1),(1476,1),(1477,2),(1478,1),(1479,1),(1480,1),(1481,1),(1482,1),(1483,2),(1484,1),(1485,1),(1486,1),(1487,4),(1488,2),(1489,1),(1490,1),(1491,1),(1492,1),(1493,1),(1494,1),(1495,1),(1496,1),(1497,1),(1498,3),(1499,1),(1500,1),(1501,1),(1502,2),(1503,2),(1504,4),(1505,3),(1506,1),(1507,2),(1508,1),(1509,1),(1510,1),(1511,1),(1512,1),(1513,1),(1514,1),(1515,1),(1516,1),(1517,1),(1518,1),(1519,1),(1520,1),(1521,3),(1522,1),(1523,4),(1524,1),(1525,1),(1526,3),(1527,2),(1528,1),(1529,2),(1530,1),(1531,1),(1532,1),(1533,1),(1534,1),(1535,2),(1536,1),(1537,1),(1538,1),(1539,1),(1540,1),(1541,1),(1542,2),(1543,2),(1544,2),(1545,1),(1546,2),(1547,1),(1548,1),(1549,4),(1550,2),(1551,2),(1552,1),(1553,1),(1554,1),(1555,1),(1556,1),(1557,1),(1558,1),(1559,1),(1560,1),(1561,1),(1562,1),(1563,1),(1564,2),(1565,1),(1566,1),(1567,1),(1568,1),(1569,1),(1570,1),(1571,1),(1572,2),(1573,1),(1574,1),(1575,1),(1576,1),(1577,1),(1578,1),(1579,1),(1580,1),(1581,2),(1582,1),(1583,2),(1584,1),(1585,1),(1586,1),(1587,1),(1588,1),(1589,1),(1590,4),(1591,1),(1592,1),(1593,1),(1594,1),(1595,1),(1596,1),(1597,2),(1598,1),(1599,1),(1600,1),(1601,1),(1602,1),(1603,1),(1604,1),(1605,1),(1606,3),(1607,1),(1608,1),(1609,1),(1610,1),(1611,2),(1612,1),(1613,1),(1614,1),(1615,1),(1616,1),(1617,1),(1618,1),(1619,1),(1620,1),(1621,1),(1622,1),(1623,2),(1624,1),(1625,1),(1626,1),(1627,1),(1628,1),(1629,1),(1630,1),(1631,1),(1632,1),(1633,1),(1634,1),(1635,1),(1636,1),(1637,1),(1638,1),(1639,1),(1640,1),(1641,1),(1642,1),(1643,1),(1644,1),(1645,1),(1646,1),(1647,2),(1648,1),(1649,1),(1650,1),(1651,1),(1652,2),(1653,1),(1654,1),(1655,1),(1656,2),(1657,1),(1658,1),(1659,1),(1660,1),(1661,2),(1662,1),(1663,2),(1664,2),(1665,1),(1666,1),(1667,1),(1668,1),(1669,1),(1670,1),(1671,1),(1672,1),(1673,1),(1674,4),(1675,1),(1676,1),(1677,1),(1678,1),(1679,1),(1680,1),(1681,1),(1682,1),(1683,1),(1684,1),(1685,1),(1686,1),(1687,2),(1688,1),(1689,1),(1690,2),(1691,1),(1692,1),(1693,1),(1694,1),(1695,1),(1696,1),(1697,1),(1698,1),(1699,1),(1700,1),(1701,1),(1702,1),(1703,1),(1704,1),(1705,3),(1706,1),(1707,1),(1708,1),(1709,3),(1710,1),(1711,1),(1712,1),(1713,1),(1714,2),(1715,1),(1716,1),(1717,1),(1718,1),(1719,1),(1720,1),(1721,1),(1722,1),(1723,1),(1724,1),(1725,1),(1726,1),(1727,1),(1728,1),(1729,2),(1730,1),(1731,1),(1732,2),(1733,1),(1734,1),(1735,1),(1736,2),(1737,1),(1738,1),(1739,1),(1740,1),(1741,2),(1742,2),(1743,1),(1744,1),(1745,1),(1746,3),(1747,1),(1748,1),(1749,1),(1750,2),(1751,2),(1752,1),(1753,1),(1754,1),(1755,1),(1756,2),(1757,1),(1758,2),(1759,1),(1760,1),(1761,1),(1762,2),(1763,1),(1764,1),(1765,1),(1766,1),(1767,1),(1768,1),(1769,2),(1770,1),(1771,1),(1772,1),(1773,1),(1774,1),(1775,1),(1776,1),(1777,1),(1778,1),(1779,1),(1780,1),(1781,1),(1782,1),(1783,1),(1784,1),(1785,1),(1786,2),(1787,1),(1788,1),(1789,2),(1790,1),(1791,1),(1792,1),(1793,1),(1794,1),(1795,1),(1796,1),(1797,1),(1798,1),(1799,1),(1800,1),(1801,1),(1802,1),(1803,1),(1804,1),(1805,1),(1806,1),(1807,1),(1808,1),(1809,1),(1810,1),(1811,1),(1812,1),(1813,1),(1814,1),(1815,1),(1816,1),(1817,1),(1818,1),(1819,1),(1820,1),(1821,1),(1822,1),(1823,1),(1824,1),(1825,1),(1826,1),(1827,1),(1828,1),(1829,1),(1830,1),(1831,1),(1832,1),(1833,1),(1834,1),(1835,1),(1836,1),(1837,1),(1838,1),(1839,1),(1840,1),(1841,1);
/*!40000 ALTER TABLE `try1` ENABLE KEYS */;
UNLOCK TABLES;
/*!40103 SET TIME_ZONE=@OLD_TIME_ZONE */;

/*!40101 SET SQL_MODE=@OLD_SQL_MODE */;
/*!40014 SET FOREIGN_KEY_CHECKS=@OLD_FOREIGN_KEY_CHECKS */;
/*!40014 SET UNIQUE_CHECKS=@OLD_UNIQUE_CHECKS */;
/*!40101 SET CHARACTER_SET_CLIENT=@OLD_CHARACTER_SET_CLIENT */;
/*!40101 SET CHARACTER_SET_RESULTS=@OLD_CHARACTER_SET_RESULTS */;
/*!40101 SET COLLATION_CONNECTION=@OLD_COLLATION_CONNECTION */;
/*!40111 SET SQL_NOTES=@OLD_SQL_NOTES */;

-- Dump completed on 2024-12-07 18:19:54
